{
  "ench:arcane5": {
    "confidence": 58,
    "fairPrice": 115837.43682261638,
    "median": 116586.5,
    "sampleCount": 4,
    "stddev": 24337.793988979363,
    "volumePerWeek": 4,
    "weightedMean": 114668.11022117274
  },
  "ench:depth_strider3": {
    "confidence": 40,
    "fairPrice": 0.0,
    "median": 0.0,
    "sampleCount": 3,
    "stddev": 113513.52015019572,
    "volumePerWeek": 3,
    "weightedMean": 55132.85328648229
  },
  "ench:efficiency10": {
    "confidence": 35,
    "fairPrice": 482204.728444765,
    "median": 500000.0,
    "sampleCount": 3,
    "stddev": 277888.8666755511,
    "volumePerWeek": 3,
    "weightedMean": 370613.9643158481
  },
  "ench:efficiency5": {
    "confidence": 71,
    "fairPrice": -24581.720072179993,
    "median": -38389.0,
    "sampleCount": 8,
    "stddev": 116657.90844066252,
    "volumePerWeek": 8,
    "weightedMean": -10774.440144359984
  },
  "ench:feather_falling5": {
    "confidence": 45,
    "fairPrice": -67284.0,
    "median": -67284.0,
    "sampleCount": 1,
    "stddev": 0.0,
    "volumePerWeek": 1,
    "weightedMean": -67284.0
  },
  "ench:forest_pledge5": {
    "confidence": 47,
    "fairPrice": 2488100.724454429,
    "median": 2422073.5,
    "sampleCount": 2,
    "stddev": 1205858.5,
    "volumePerWeek": 2,
    "weightedMean": 2685057.907575346
  },
  "ench:frost_walker2": {
    "confidence": 31,
    "fairPrice": 500000.0,
    "median": 500000.0,
    "sampleCount": 1,
    "stddev": 0.0,
    "volumePerWeek": 1,
    "weightedMean": 500000.0
  },
  "ench:green_thumb1": {
    "confidence": 55,
    "fairPrice": 220425.0,
    "median": 220425.0,
    "sampleCount": 1,
    "stddev": 0.0,
    "volumePerWeek": 1,
    "weightedMean": 220425.0
  },
  "ench:green_thumb2": {
    "confidence": 43,
    "fairPrice": 3028622.0,
    "median": 3028622.0,
    "sampleCount": 1,
    "stddev": 0.0,
    "volumePerWeek": 1,
    "weightedMean": 3028622.0
  },
  "ench:green_thumb5": {
    "confidence": 45,
    "fairPrice": 8255002.0,
    "median": 8255002.0,
    "sampleCount": 1,
    "stddev": 0.0,
    "volumePerWeek": 1,
    "weightedMean": 8255002.0
  },
  "ench:growth5": {
    "confidence": 55,
    "fairPrice": -11098.0,
    "median": -11098.0,
    "sampleCount": 9,
    "stddev": 119475.5568735585,
    "volumePerWeek": 9,
    "weightedMean": 29151.658558260056
  },
  "ench:pesterminator1": {
    "confidence": 58,
    "fairPrice": -250001.92995493812,
    "median": -250000.0,
    "sampleCount": 2,
    "stddev": 100000.0,
    "volumePerWeek": 2,
    "weightedMean": -250003.85990987625
  },
  "ench:pesterminator5": {
    "confidence": 56,
    "fairPrice": -681349.9246088904,
    "median": -681349.5,
    "sampleCount": 2,
    "stddev": 18650.5,
    "volumePerWeek": 2,
    "weightedMean": -681350.3492177809
  },
  "ench:protection2": {
    "confidence": 42,
    "fairPrice": 350000.0,
    "median": 350000.0,
    "sampleCount": 1,
    "stddev": 0.0,
    "volumePerWeek": 1,
    "weightedMean": 350000.0
  },
  "ench:protection5": {
    "confidence": 70,
    "fairPrice": 12000.0,
    "median": 12000.0,
    "sampleCount": 16,
    "stddev": 25897.18480115165,
    "volumePerWeek": 16,
    "weightedMean": 7871.079168428616
  },
  "ench:protection6": {
    "confidence": 46,
    "fairPrice": 137197.73263834714,
    "median": 137440.5,
    "sampleCount": 2,
    "stddev": 2179.5,
    "volumePerWeek": 2,
    "weightedMean": 136947.1417138828
  },
  "ench:sharpness5": {
    "confidence": 52,
    "fairPrice": -499736.0,
    "median": -499736.0,
    "sampleCount": 1,
    "stddev": 0.0,
    "volumePerWeek": 1,
    "weightedMean": -499736.0
  },
  "ench:ultimate_missile5": {
    "confidence": 45,
    "fairPrice": 2406959.0,
    "median": 2406959.0,
    "sampleCount": 1,
    "stddev": 0.0,
    "volumePerWeek": 1,
    "weightedMean": 2406959.0
  },
  "ench:ultimate_one_for_all1": {
    "confidence": 55,
    "fairPrice": 4900000.0,
    "median": 4900000.0,
    "sampleCount": 1,
    "stddev": 0.0,
    "volumePerWeek": 1,
    "weightedMean": 4900000.0
  },
  "ench:ultimate_wise5": {
    "confidence": 58,
    "fairPrice": 2237995.2651436175,
    "median": 2222761.0,
    "sampleCount": 10,
    "stddev": 2111983.8744628807,
    "volumePerWeek": 10,
    "weightedMean": 2544721.23001669
  },
  "enrich:critical_chance": {
    "confidence": 45,
    "fairPrice": 7000000.0,
    "median": 7000000.0,
    "sampleCount": 1,
    "stddev": 0.0,
    "volumePerWeek": 1,
    "weightedMean": 7000000.0
  },
  "enrich:magic_find": {
    "confidence": 52,
    "fairPrice": 7060946.18553464,
    "median": 7171168.5,
    "sampleCount": 2,
    "stddev": 1328831.5,
    "volumePerWeek": 2,
    "weightedMean": 6900584.043988276
  },
  "gem:CITRINE_0:FINE": {
    "confidence": 54,
    "fairPrice": 3627932.0,
    "median": 3627932.0,
    "sampleCount": 1,
    "stddev": 0.0,
    "volumePerWeek": 1,
    "weightedMean": 3627932.0
  },
  "recomb:applied": {
    "confidence": 89,
    "fairPrice": 6593286.51081598,
    "median": 6839398.0,
    "sampleCount": 34,
    "stddev": 3221683.843109167,
    "volumePerWeek": 34,
    "weightedMean": 6335997.5649895985
  },
  "reforge:ancient": {
    "confidence": 60,
    "fairPrice": -65119.1347394879,
    "median": 1029500.0,
    "sampleCount": 6,
    "stddev": 5217597.006055685,
    "volumePerWeek": 6,
    "weightedMean": -1159738.2694789758
  },
  "reforge:aote_stone": {
    "confidence": 46,
    "fairPrice": 7085250.130664378,
    "median": 7130731.5,
    "sampleCount": 2,
    "stddev": 2312516.5,
    "volumePerWeek": 2,
    "weightedMean": 6996110.926619755
  },
  "reforge:blazing": {
    "confidence": 43,
    "fairPrice": 77505.0,
    "median": 77505.0,
    "sampleCount": 5,
    "stddev": 319540.21247886785,
    "volumePerWeek": 5,
    "weightedMean": 212805.11477615347
  },
  "reforge:blended": {
    "confidence": 35,
    "fairPrice": 290000.0,
    "median": 290000.0,
    "sampleCount": 3,
    "stddev": 4049780.283681902,
    "volumePerWeek": 3,
    "weightedMean": 1670503.3255292922
  },
  "reforge:blooming": {
    "confidence": 41,
    "fairPrice": 162120.0,
    "median": 162120.0,
    "sampleCount": 4,
    "stddev": 312291.8059686925,
    "volumePerWeek": 4,
    "weightedMean": 185682.18763879617
  },
  "reforge:brilliant": {
    "confidence": 59,
    "fairPrice": -235923.4827834064,
    "median": -221652.0,
    "sampleCount": 2,
    "stddev": 221652.0,
    "volumePerWeek": 2,
    "weightedMean": -250194.96556681278
  },
  "reforge:bustling": {
    "confidence": 60,
    "fairPrice": -158336.3943168814,
    "median": -150000.0,
    "sampleCount": 3,
    "stddev": 143372.08778404378,
    "volumePerWeek": 3,
    "weightedMean": -166672.7886337628
  },
  "reforge:calcified": {
    "confidence": 39,
    "fairPrice": 442276.5,
    "median": 442276.5,
    "sampleCount": 2,
    "stddev": 607723.5,
    "volumePerWeek": 2,
    "weightedMean": 555177.1763313337
  },
  "reforge:dimensional": {
    "confidence": 40,
    "fairPrice": 930873.0,
    "median": 930873.0,
    "sampleCount": 3,
    "stddev": 1802663.3720385942,
    "volumePerWeek": 3,
    "weightedMean": 1217928.9549204512
  },
  "reforge:double_bit": {
    "confidence": 56,
    "fairPrice": -50000.0,
    "median": -50000.0,
    "sampleCount": 1,
    "stddev": 0.0,
    "volumePerWeek": 1,
    "weightedMean": -50000.0
  },
  "reforge:fabled": {
    "confidence": 55,
    "fairPrice": 4900000.0,
    "median": 4900000.0,
    "sampleCount": 1,
    "stddev": 0.0,
    "volumePerWeek": 1,
    "weightedMean": 4900000.0
  },
  "reforge:fierce": {
    "confidence": 43,
    "fairPrice": 126046.5,
    "median": 126046.5,
    "sampleCount": 4,
    "stddev": 311453.7618229831,
    "volumePerWeek": 4,
    "weightedMean": 278220.42871973134
  },
  "reforge:gilded": {
    "confidence": 54,
    "fairPrice": -3139812.0,
    "median": -3139812.0,
    "sampleCount": 1,
    "stddev": 0.0,
    "volumePerWeek": 1,
    "weightedMean": -3139812.0
  },
  "reforge:glistening": {
    "confidence": 53,