{
  "ench:arcane5": {
    "confidence": 53,
    "fairPrice": 107604.0488470737,
    "median": 108332.0,
    "sampleCount": 3,
    "stddev": 26566.862220108385,
    "volumePerWeek": 3,
    "weightedMean": 106392.29154037699
  },
  "ench:efficiency5": {
    "confidence": 63,
    "fairPrice": -7860.564708139647,
    "median": 2991.5,
    "sampleCount": 4,
    "stddev": 137226.39272635384,
    "volumePerWeek": 4,
    "weightedMean": -18712.629416279295
  },
  "ench:frost_walker2": {
    "confidence": 49,
    "fairPrice": 500000.0,
    "median": 500000.0,
    "sampleCount": 1,
    "stddev": 0.0,
    "volumePerWeek": 1,
    "weightedMean": 500000.00000000006
  },
  "ench:growth5": {
    "confidence": 38,
    "fairPrice": 424701.0,
    "median": 424701.0,
    "sampleCount": 2,
    "stddev": 435799.0,
    "volumePerWeek": 2,
    "weightedMean": 451767.0612807758
  },
  "ench:protection5": {
    "confidence": 40,
    "fairPrice": -11098.0,
    "median": -11098.0,
    "sampleCount": 3,
    "stddev": 419839.4969583284,
    "volumePerWeek": 3,
    "weightedMean": 300938.2081215984
  },
  "ench:protection6": {
    "confidence": 51,
    "fairPrice": 139620.0,
    "median": 139620.0,
    "sampleCount": 1,
    "stddev": 0.0,
    "volumePerWeek": 1,
    "weightedMean": 139620.0
  },
  "ench:ultimate_wise5": {
    "confidence": 38,
    "fairPrice": 2645521.0,
    "median": 2645521.0,
    "sampleCount": 3,
    "stddev": 2663892.1635206384,
    "volumePerWeek": 3,
    "weightedMean": 2274749.195656387
  },
  "recomb:applied": {
    "confidence": 65,
    "fairPrice": 3968260.879266663,
    "median": 3580000.0,
    "sampleCount": 10,
    "stddev": 3185174.0417253748,
    "volumePerWeek": 10,
    "weightedMean": 5488633.232739404
  },
  "reforge:ancient": {
    "confidence": 54,
    "fairPrice": 1079000.0,
    "median": 1079000.0,
    "sampleCount": 1,
    "stddev": 0.0,
    "volumePerWeek": 1,
    "weightedMean": 1079000.0
  },
  "reforge:blazing": {
    "confidence": 57,
    "fairPrice": 15026.966754513407,
    "median": 77505.0,
    "sampleCount": 3,
    "stddev": 179965.15514831073,
    "volumePerWeek": 3,
    "weightedMean": -47451.066490973186
  },
  "reforge:blended": {
    "confidence": 53,
    "fairPrice": 8313538.0,
    "median": 8313538.0,
    "sampleCount": 1,
    "stddev": 0.0,
    "volumePerWeek": 1,
    "weightedMean": 8313538.0
  },
  "reforge:dimensional": {
    "confidence": 53,
    "fairPrice": -1100000.0,
    "median": -1100000.0,
    "sampleCount": 1,
    "stddev": 0.0,
    "volumePerWeek": 1,
    "weightedMean": -1100000.0
  },
  "reforge:fierce": {
    "confidence": 49,
    "fairPrice": -77999.0,
    "median": -77999.0,
    "sampleCount": 1,
    "stddev": 0.0,
    "volumePerWeek": 1,
    "weightedMean": -77999.0
  },
  "reforge:heroic": {
    "confidence": 35,
    "fairPrice": 2149591.0,
    "median": 2149591.0,
    "sampleCount": 2,
    "stddev": 3250000.0,
    "volumePerWeek": 2,
    "weightedMean": 2089306.1446407295
  },
  "reforge:menacing": {
    "confidence": 54,
    "fairPrice": 115888.0,
    "median": 115888.0,
    "sampleCount": 1,
    "stddev": 0.0,
    "volumePerWeek": 1,
    "weightedMean": 115888.0
  },
  "reforge:none": {
    "confidence": 58,
    "fairPrice": -40103.58204714037,
    "median": -30973.0,
    "sampleCount": 3,
    "stddev": 49621.932491814776,
    "volumePerWeek": 3,
    "weightedMean": -49234.16409428075
  },
  "reforge:rooted": {
    "confidence": 62,
    "fairPrice": -321561.57004554034,
    "median": -414737.5,
    "sampleCount": 4,
    "stddev": 396918.3676000016,
    "volumePerWeek": 4,
    "weightedMean": -228385.64009108068
  },
  "reforge:rugged": {
    "confidence": 48,
    "fairPrice": 108332.0,
    "median": 108332.0,
    "sampleCount": 1,
    "stddev": 0.0,
    "volumePerWeek": 1,
    "weightedMean": 108332.0
  },
  "reforge:toil": {
    "confidence": 57,
    "fairPrice": -67122.0,
    "median": -67122.0,
    "sampleCount": 1,
    "stddev": 0.0,
    "volumePerWeek": 1,
    "weightedMean": -67122.0
  },
  "reforge:waxed": {
    "confidence": 34,
    "fairPrice": 4500499.5,
    "median": 4500499.5,
    "sampleCount": 2,
    "stddev": 4599500.5,
    "volumePerWeek": 2,
    "weightedMean": 4500592.032052592
  }
}
