{
  "ench:arcane5": {
    "confidence": 56,
    "fairPrice": 107604.0488470737,
    "median": 108332.0,
    "sampleCount": 3,
    "stddev": 26566.862220108385,
    "volumePerWeek": 3,
    "weightedMean": 106392.29154037699
  },
  "ench:efficiency5": {
    "confidence": 61,
    "fairPrice": 36651.484983896175,
    "median": 73105.0,
    "sampleCount": 3,
    "stddev": 155122.67153664763,
    "volumePerWeek": 3,
    "weightedMean": 197.96996779235548
  },
  "ench:frost_walker2": {
    "confidence": 53,
    "fairPrice": 500000.0,
    "median": 500000.0,
    "sampleCount": 1,
    "stddev": 0.0,
    "volumePerWeek": 1,
    "weightedMean": 500000.0
  },
  "ench:growth5": {
    "confidence": 56,
    "fairPrice": -11098.0,
    "median": -11098.0,
    "sampleCount": 1,
    "stddev": 0.0,
    "volumePerWeek": 1,
    "weightedMean": -11098.0
  },
  "ench:protection5": {
    "confidence": 58,
    "fairPrice": -29165.722195078506,
    "median": -29541.0,
    "sampleCount": 2,
    "stddev": 18443.0,
    "volumePerWeek": 2,
    "weightedMean": -28790.444390157012
  },
  "ench:protection6": {
    "confidence": 54,
    "fairPrice": 139620.0,
    "median": 139620.0,
    "sampleCount": 1,
    "stddev": 0.0,
    "volumePerWeek": 1,
    "weightedMean": 139620.0
  },
  "ench:ultimate_wise5": {
    "confidence": 41,
    "fairPrice": 2645521.0,
    "median": 2645521.0,
    "sampleCount": 3,
    "stddev": 2663892.1635206384,
    "volumePerWeek": 3,
    "weightedMean": 2274749.195656387
  },
  "recomb:applied": {
    "confidence": 63,
    "fairPrice": 4072187.518101232,
    "median": 3580000.0,
    "sampleCount": 8,
    "stddev": 2412619.8088664394,
    "volumePerWeek": 8,
    "weightedMean": 5396407.346267536
  },
  "reforge:blazing": {
    "confidence": 60,
    "fairPrice": 15026.966754513414,
    "median": 77505.0,
    "sampleCount": 3,
    "stddev": 179965.15514831073,
    "volumePerWeek": 3,
    "weightedMean": -47451.06649097317
  },
  "reforge:blended": {
    "confidence": 57,
    "fairPrice": 8313538.0,
    "median": 8313538.0,
    "sampleCount": 1,
    "stddev": 0.0,
    "volumePerWeek": 1,
    "weightedMean": 8313538.0
  },
  "reforge:dimensional": {
    "confidence": 57,
    "fairPrice": -1100000.0,
    "median": -1100000.0,
    "sampleCount": 1,
    "stddev": 0.0,
    "volumePerWeek": 1,
    "weightedMean": -1100000.0
  },
  "reforge:fierce": {
    "confidence": 53,
    "fairPrice": -77999.0,
    "median": -77999.0,
    "sampleCount": 1,
    "stddev": 0.0,
    "volumePerWeek": 1,
    "weightedMean": -77999.0
  },
  "reforge:heroic": {
    "confidence": 39,
    "fairPrice": 2149591.0,
    "median": 2149591.0,
    "sampleCount": 2,
    "stddev": 3250000.0,
    "volumePerWeek": 2,
    "weightedMean": 2089306.1446407293
  },
  "reforge:none": {
    "confidence": 61,
    "fairPrice": -40103.58204714037,
    "median": -30973.0,
    "sampleCount": 3,
    "stddev": 49621.932491814776,
    "volumePerWeek": 3,
    "weightedMean": -49234.164094280735
  },
  "reforge:rooted": {
    "confidence": 60,
    "fairPrice": -511827.910718832,
    "median": -549992.0,
    "sampleCount": 3,
    "stddev": 137918.27742624335,
    "volumePerWeek": 3,
    "weightedMean": -473663.821437664
  },
  "reforge:rugged": {
    "confidence": 51,
    "fairPrice": 108332.0,
    "median": 108332.0,
    "sampleCount": 1,
    "stddev": 0.0,
    "volumePerWeek": 1,
    "weightedMean": 108332.00000000001
  },
  "reforge:waxed": {
    "confidence": 38,
    "fairPrice": 4500499.5,
    "median": 4500499.5,
    "sampleCount": 2,
    "stddev": 4599500.5,
    "volumePerWeek": 2,
    "weightedMean": 4500592.032052592
  }
}
