{
  "ench:arcane5": {
    "confidence": 48,
    "fairPrice": 107604.04884707369,
    "median": 108332.0,
    "sampleCount": 3,
    "stddev": 26566.862220108385,
    "volumePerWeek": 3,
    "weightedMean": 106392.29154037697
  },
  "ench:efficiency10": {
    "confidence": 55,
    "fairPrice": 650000.0,
    "median": 650000.0,
    "sampleCount": 1,
    "stddev": 0.0,
    "volumePerWeek": 1,
    "weightedMean": 650000.0
  },
  "ench:efficiency5": {
    "confidence": 66,
    "fairPrice": -56632.085006989386,
    "median": -67122.0,
    "sampleCount": 5,
    "stddev": 130275.07274133452,
    "volumePerWeek": 5,
    "weightedMean": -46142.17001397877
  },
  "ench:frost_walker2": {
    "confidence": 45,
    "fairPrice": 500000.0,
    "median": 500000.0,
    "sampleCount": 1,
    "stddev": 0.0,
    "volumePerWeek": 1,
    "weightedMean": 500000.0
  },
  "ench:green_thumb2": {
    "confidence": 57,
    "fairPrice": 3028622.0,
    "median": 3028622.0,
    "sampleCount": 1,
    "stddev": 0.0,
    "volumePerWeek": 1,
    "weightedMean": 3028622.0
  },
  "ench:growth5": {
    "confidence": 33,
    "fairPrice": 424701.0,
    "median": 424701.0,
    "sampleCount": 2,
    "stddev": 435799.0,
    "volumePerWeek": 2,
    "weightedMean": 451767.0612807759
  },
  "ench:protection2": {
    "confidence": 56,
    "fairPrice": 350000.0,
    "median": 350000.0,
    "sampleCount": 1,
    "stddev": 0.0,
    "volumePerWeek": 1,
    "weightedMean": 350000.0
  },
  "ench:protection5": {
    "confidence": 36,
    "fairPrice": -11098.0,
    "median": -11098.0,
    "sampleCount": 3,
    "stddev": 419839.4969583284,
    "volumePerWeek": 3,
    "weightedMean": 300938.2081215984
  },
  "ench:protection6": {
    "confidence": 47,
    "fairPrice": 139620.0,
    "median": 139620.0,
    "sampleCount": 1,
    "stddev": 0.0,
    "volumePerWeek": 1,
    "weightedMean": 139620.0
  },
  "ench:ultimate_wise5": {
    "confidence": 45,
    "fairPrice": 980000.0,
    "median": 980000.0,
    "sampleCount": 5,
    "stddev": 2216428.7156757917,
    "volumePerWeek": 5,
    "weightedMean": 1529868.0062226062
  },
  "enrich:magic_find": {
    "confidence": 57,
    "fairPrice": 8500000.0,
    "median": 8500000.0,
    "sampleCount": 1,
    "stddev": 0.0,
    "volumePerWeek": 1,
    "weightedMean": 8500000.0
  },
  "recomb:applied": {
    "confidence": 81,
    "fairPrice": 6802434.8044278845,
    "median": 7127786.0,
    "sampleCount": 16,
    "stddev": 2892192.5520950686,
    "volumePerWeek": 16,
    "weightedMean": 6357238.450778338
  },
  "reforge:ancient": {
    "confidence": 50,
    "fairPrice": 1079000.0,
    "median": 1079000.0,
    "sampleCount": 1,
    "stddev": 0.0,
    "volumePerWeek": 1,
    "weightedMean": 1079000.0
  },
  "reforge:blazing": {
    "confidence": 52,
    "fairPrice": 15026.966754513414,
    "median": 77505.0,
    "sampleCount": 3,
    "stddev": 179965.15514831073,
    "volumePerWeek": 3,
    "weightedMean": -47451.06649097317
  },
  "reforge:blended": {
    "confidence": 49,
    "fairPrice": 8313538.0,
    "median": 8313538.0,
    "sampleCount": 1,
    "stddev": 0.0,
    "volumePerWeek": 1,
    "weightedMean": 8313538.0
  },
  "reforge:dimensional": {
    "confidence": 49,
    "fairPrice": -1100000.0,
    "median": -1100000.0,
    "sampleCount": 1,
    "stddev": 0.0,
    "volumePerWeek": 1,
    "weightedMean": -1100000.0
  },
  "reforge:fierce": {
    "confidence": 35,
    "fairPrice": 80087.0,
    "median": 80087.0,
    "sampleCount": 2,
    "stddev": 158086.0,
    "volumePerWeek": 2,
    "weightedMean": 106204.94012091658
  },
  "reforge:heroic": {
    "confidence": 61,
    "fairPrice": -92069.06590274883,
    "median": -32112.0,
    "sampleCount": 3,
    "stddev": 639190.6756059225,
    "volumePerWeek": 3,
    "weightedMean": -152026.13180549766
  },
  "reforge:jaded": {
    "confidence": 54,
    "fairPrice": 32150000.0,
    "median": 32150000.0,
    "sampleCount": 1,
    "stddev": 0.0,
    "volumePerWeek": 1,
    "weightedMean": 32150000.0
  },
  "reforge:mantid": {
    "confidence": 57,
    "fairPrice": -68904.0,
    "median": -68904.0,
    "sampleCount": 1,
    "stddev": 0.0,
    "volumePerWeek": 1,
    "weightedMean": -68904.0
  },
  "reforge:menacing": {
    "confidence": 37,
    "fairPrice": 2061715.4677974838,
    "median": 2057944.0,
    "sampleCount": 2,
    "stddev": 1942056.0,
    "volumePerWeek": 2,
    "weightedMean": 2191891.7689670236
  },
  "reforge:none": {
    "confidence": 53,
    "fairPrice": -40103.58204714037,
    "median": -30973.0,
    "sampleCount": 3,
    "stddev": 49621.932491814776,
    "volumePerWeek": 3,
    "weightedMean": -49234.16409428075
  },
  "reforge:rooted": {
    "confidence": 50,
    "fairPrice": 401000.0,
    "median": 401000.0,
    "sampleCount": 7,
    "stddev": 1291339.171898771,
    "volumePerWeek": 7,
    "weightedMean": 777429.2737905689
  },
  "reforge:rugged": {
    "confidence": 43,
    "fairPrice": 108332.0,
    "median": 108332.0,
    "sampleCount": 1,
    "stddev": 0.0,
    "volumePerWeek": 1,
    "weightedMean": 108332.0
  },
  "reforge:squeaky": {
    "confidence": 54,
    "fairPrice": -121650.0,
    "median": -121650.0,
    "sampleCount": 1,
    "stddev": 0.0,
    "volumePerWeek": 1,
    "weightedMean": -121650.0
  },
  "reforge:toil": {
    "confidence": 52,
    "fairPrice": -67122.0,
    "median": -67122.0,
    "sampleCount": 1,
    "stddev": 0.0,
    "volumePerWeek": 1,
    "weightedMean": -67122.0
  },
  "reforge:unyielding": {
    "confidence": 57,
    "fairPrice": -127796.0,
    "median": -127796.0,
    "sampleCount": 1,
    "stddev": 0.0,
    "volumePerWeek": 1,
    "weightedMean": -127796.0
  },
  "reforge:waxed": {
    "confidence": 30,
    "fairPrice": 4500499.5,
    "median": 4500499.5,
    "sampleCount": 2,
    "stddev": 4599500.5,
    "volumePerWeek": 2,
    "weightedMean": 4500592.032052592
  }
}
