{
  "reforge:blazing": {
    "confidence": 55,
    "fairPrice": 92754.40904677848,
    "median": 92754.0,
    "sampleCount": 2,
    "stddev": 15249.0,
    "volumePerWeek": 2,
    "weightedMean": 92754.97905231641
  }
}
