{
  "drill_part:upgrade_module:goblin_omelette_spicy": {
    "confidence": 51,
    "fairPrice": 2366285.0,
    "median": 2366285.0,
    "sampleCount": 1,
    "stddev": 0.0,
    "volumePerWeek": 1,
    "weightedMean": 2366285.0
  },
  "ench:arcane5": {
    "confidence": 36,
    "fairPrice": 116286.87472904655,
    "median": 116586.5,
    "sampleCount": 4,
    "stddev": 24337.793988979363,
    "volumePerWeek": 4,
    "weightedMean": 114668.11022117274
  },
  "ench:bane_of_arthropods5": {
    "confidence": 57,
    "fairPrice": -28699.0,
    "median": -28699.0,
    "sampleCount": 1,
    "stddev": 0.0,
    "volumePerWeek": 1,
    "weightedMean": -28699.0
  },
  "ench:depth_strider3": {
    "confidence": 58,
    "fairPrice": -3866.0991022134813,
    "median": -2244.0,
    "sampleCount": 3,
    "stddev": 31202.517334343393,
    "volumePerWeek": 3,
    "weightedMean": -13057.994014756545
  },
  "ench:efficiency10": {
    "confidence": 23,
    "fairPrice": 574521.7989478016,
    "median": 575000.0,
    "sampleCount": 2,
    "stddev": 75000.0,
    "volumePerWeek": 2,
    "weightedMean": 569500.6878997181
  },
  "ench:efficiency5": {
    "confidence": 65,
    "fairPrice": -18306.173332071816,
    "median": -26778.0,
    "sampleCount": 9,
    "stddev": 110160.25938301586,
    "volumePerWeek": 9,
    "weightedMean": -7951.718515715144
  },
  "ench:feather_falling5": {
    "confidence": 24,
    "fairPrice": -67284.0,
    "median": -67284.0,
    "sampleCount": 1,
    "stddev": 0.0,
    "volumePerWeek": 1,
    "weightedMean": -67284.0
  },
  "ench:forest_pledge5": {
    "confidence": 45,
    "fairPrice": 1216215.0,
    "median": 1216215.0,
    "sampleCount": 1,
    "stddev": 0.0,
    "volumePerWeek": 1,
    "weightedMean": 1216215.0
  },
  "ench:frost_walker2": {
    "confidence": 22,
    "fairPrice": 500000.0,
    "median": 500000.0,
    "sampleCount": 1,
    "stddev": 0.0,
    "volumePerWeek": 1,
    "weightedMean": 500000.00000000006
  },
  "ench:green_thumb1": {
    "confidence": 33,
    "fairPrice": 220425.0,
    "median": 220425.0,
    "sampleCount": 1,
    "stddev": 0.0,
    "volumePerWeek": 1,
    "weightedMean": 220425.0
  },
  "ench:green_thumb2": {
    "confidence": 41,
    "fairPrice": 2417339.8813509694,
    "median": 2435787.5,
    "sampleCount": 2,
    "stddev": 592834.5,
    "volumePerWeek": 2,
    "weightedMean": 2191969.6765933544
  },
  "ench:green_thumb3": {
    "confidence": 43,
    "fairPrice": 4435000.0,
    "median": 4435000.0,
    "sampleCount": 1,
    "stddev": 0.0,
    "volumePerWeek": 1,
    "weightedMean": 4435000.0
  },
  "ench:green_thumb5": {
    "confidence": 24,
    "fairPrice": 8255002.0,
    "median": 8255002.0,
    "sampleCount": 1,
    "stddev": 0.0,
    "volumePerWeek": 1,
    "weightedMean": 8255002.000000001
  },
  "ench:growth5": {
    "confidence": 84,
    "fairPrice": -31536.910547492218,
    "median": -12549.5,
    "sampleCount": 14,
    "stddev": 217347.6151840852,
    "volumePerWeek": 14,
    "weightedMean": -39674.37221070317
  },
  "ench:mana_steal3": {
    "confidence": 45,
    "fairPrice": 3705000.0,
    "median": 3705000.0,
    "sampleCount": 1,
    "stddev": 0.0,
    "volumePerWeek": 1,
    "weightedMean": 3705000.0
  },
  "ench:overload5": {
    "confidence": 55,
    "fairPrice": 38915.0,
    "median": 38915.0,
    "sampleCount": 1,
    "stddev": 0.0,
    "volumePerWeek": 1,
    "weightedMean": 38915.0
  },
  "ench:pesterminator1": {
    "confidence": 37,
    "fairPrice": -250000.38599098762,
    "median": -250000.0,
    "sampleCount": 2,
    "stddev": 100000.0,
    "volumePerWeek": 2,
    "weightedMean": -250003.85990987622
  },
  "ench:pesterminator5": {
    "confidence": 52,
    "fairPrice": -622513.2141229926,
    "median": -662699.0,
    "sampleCount": 3,
    "stddev": 281199.7856056556,
    "volumePerWeek": 3,
    "weightedMean": -394793.76081995026
  },
  "ench:protection2": {
    "confidence": 22,
    "fairPrice": 350000.0,
    "median": 350000.0,
    "sampleCount": 1,
    "stddev": 0.0,
    "volumePerWeek": 1,
    "weightedMean": 350000.0
  },
  "ench:protection5": {
    "confidence": 76,
    "fairPrice": 6250.0,
    "median": 6250.0,
    "sampleCount": 22,
    "stddev": 23982.891738023765,
    "volumePerWeek": 22,
    "weightedMean": 2993.7149122948754
  },
  "ench:protection6": {
    "confidence": 25,
    "fairPrice": 137391.94652766944,
    "median": 137440.5,
    "sampleCount": 2,
    "stddev": 2179.5,
    "volumePerWeek": 2,
    "weightedMean": 136947.1417138828
  },
  "ench:scuba5": {
    "confidence": 48,
    "fairPrice": -450000.0,
    "median": -450000.0,
    "sampleCount": 1,
    "stddev": 0.0,
    "volumePerWeek": 1,
    "weightedMean": -450000.0
  },
  "ench:sharpness5": {
    "confidence": 30,
    "fairPrice": -499735.99999999994,
    "median": -499736.0,
    "sampleCount": 1,
    "stddev": 0.0,
    "volumePerWeek": 1,
    "weightedMean": -499736.0
  },
  "ench:syphon3": {
    "confidence": 57,
    "fairPrice": -28699.0,
    "median": -28699.0,
    "sampleCount": 1,
    "stddev": 0.0,
    "volumePerWeek": 1,
    "weightedMean": -28699.0
  },
  "ench:ultimate_missile5": {
    "confidence": 24,
    "fairPrice": 2406959.0,
    "median": 2406959.0,
    "sampleCount": 1,
    "stddev": 0.0,
    "volumePerWeek": 1,
    "weightedMean": 2406959.0
  },
  "ench:ultimate_one_for_all1": {
    "confidence": 34,
    "fairPrice": 2029613.5,
    "median": 2029613.5,
    "sampleCount": 2,
    "stddev": 2870386.5,
    "volumePerWeek": 2,
    "weightedMean": 1032964.2129286771
  },
  "ench:ultimate_wisdom5": {
    "confidence": 48,
    "fairPrice": 1.0,
    "median": 1.0,
    "sampleCount": 1,
    "stddev": 0.0,
    "volumePerWeek": 1,
    "weightedMean": 1.0
  },
  "ench:ultimate_wise5": {
    "confidence": 61,
    "fairPrice": 1427487.0,
    "median": 1427487.0,
    "sampleCount": 12,
    "stddev": 2052253.3478213649,
    "volumePerWeek": 12,
    "weightedMean": 1730847.661480023
  },
  "enrich:critical_chance": {
    "confidence": 50,
    "fairPrice": 7006082.551893844,
    "median": 7005830.5,
    "sampleCount": 2,
    "stddev": 5830.5,
    "volumePerWeek": 2,
    "weightedMean": 7008353.118350679
  },
  "enrich:ferocity": {
    "confidence": 45,
    "fairPrice": 6401564.0,
    "median": 6401564.0,
    "sampleCount": 1,
    "stddev": 0.0,
    "volumePerWeek": 1,
    "weightedMean": 6401564.0
  },
  "enrich:magic_find": {
    "confidence": 36,
    "fairPrice": 5778664.334897025,
    "median": 5842337.0,
    "sampleCount": 3,
    "stddev": 2245581.1028709006,
    "volumePerWeek": 3,
    "weightedMean": 5148229.955271419
  },
  "gem:AMBER_0:FINE": {
    "confidence": 24,
    "fairPrice": 116795.75745099447,
    "median": 116762.5,
    "sampleCount": 2,
    "stddev": 111325.5,
    "volumePerWeek": 2,
    "weightedMean": 123904.71651966235
  },
  "gem:AQUAMARINE_0:FINE": {
    "confidence": 50,
    "fairPrice": 597109.7554710553,
    "median": 597110.0,
    "sampleCount": 2,
    "stddev": 247110.0,
    "volumePerWeek": 2,
    "weightedMean": 597105.8282663373
  },
  "gem:CITRINE_0:FINE": {
    "confidence": 33,
    "fairPrice": 3627932.0,
    "median": 3627932.0,
    "sampleCount": 1,
    "stddev": 0.0,
    "volumePerWeek": 1,
    "weightedMean": 3627932.0
  },
  "recomb:applied": {
    "confidence": 88,
    "fairPrice": 6724347.511690492,
    "median": 7011661.0,
    "sampleCount": 69,
    "stddev": 3784032.0676657045,
    "volumePerWeek": 69,
    "weightedMean": 6308787.563290476
  },
  "reforge:ancient": {
    "confidence": 61,
    "fairPrice": 145422.0934541367,
    "median": 980000.0,
    "sampleCount": 7,
    "stddev": 4843531.896871087,
    "volumePerWeek": 7,
    "weightedMean": -1404508.3044167524
  },
  "reforge:aote_stone": {
    "confidence": 24,
    "fairPrice": 7121635.226132875,
    "median": 7130731.5,
    "sampleCount": 2,
    "stddev": 2312516.5,
    "volumePerWeek": 2,
    "weightedMean": 6996110.926619755
  },
  "reforge:blazing": {
    "confidence": 59,
    "fairPrice": 2081.0,