{
  "ench:arcane5": {
    "confidence": 43,
    "fairPrice": 89362.36879054496,
    "median": 90718.5,
    "sampleCount": 4,
    "stddev": 65147.784015939484,
    "volumePerWeek": 4,
    "weightedMean": 59397.98705114238
  },
  "ench:efficiency10": {
    "confidence": 47,
    "fairPrice": 482204.728444765,
    "median": 500000.0,
    "sampleCount": 3,
    "stddev": 277888.8666755511,
    "volumePerWeek": 3,
    "weightedMean": 370613.9643158481
  },
  "ench:efficiency5": {
    "confidence": 68,
    "fairPrice": -44471.096187151474,
    "median": -46950.0,
    "sampleCount": 6,
    "stddev": 119033.6487138779,
    "volumePerWeek": 6,
    "weightedMean": -41992.192374302955
  },
  "ench:forest_pledge5": {
    "confidence": 55,
    "fairPrice": 1216215.0,
    "median": 1216215.0,
    "sampleCount": 1,
    "stddev": 0.0,
    "volumePerWeek": 1,
    "weightedMean": 1216215.0
  },
  "ench:frost_walker2": {
    "confidence": 42,
    "fairPrice": 500000.0,
    "median": 500000.0,
    "sampleCount": 1,
    "stddev": 0.0,
    "volumePerWeek": 1,
    "weightedMean": 500000.0
  },
  "ench:green_thumb2": {
    "confidence": 54,
    "fairPrice": 3028622.0,
    "median": 3028622.0,
    "sampleCount": 1,
    "stddev": 0.0,
    "volumePerWeek": 1,
    "weightedMean": 3028622.0
  },
  "ench:green_thumb5": {
    "confidence": 57,
    "fairPrice": 8255002.0,
    "median": 8255002.0,
    "sampleCount": 1,
    "stddev": 0.0,
    "volumePerWeek": 1,
    "weightedMean": 8255002.0
  },
  "ench:growth5": {
    "confidence": 31,
    "fairPrice": 424701.0,
    "median": 424701.0,
    "sampleCount": 2,
    "stddev": 435799.0,
    "volumePerWeek": 2,
    "weightedMean": 451767.0612807758
  },
  "ench:protection2": {
    "confidence": 54,
    "fairPrice": 350000.0,
    "median": 350000.0,
    "sampleCount": 1,
    "stddev": 0.0,
    "volumePerWeek": 1,
    "weightedMean": 350000.0
  },
  "ench:protection5": {
    "confidence": 62,
    "fairPrice": -10712.727080054512,
    "median": -13049.0,
    "sampleCount": 4,
    "stddev": 25852.317009312723,
    "volumePerWeek": 4,
    "weightedMean": -8376.454160109022
  },
  "ench:protection6": {
    "confidence": 58,
    "fairPrice": 137197.73263834714,
    "median": 137440.5,
    "sampleCount": 2,
    "stddev": 2179.5,
    "volumePerWeek": 2,
    "weightedMean": 136947.1417138828
  },
  "ench:ultimate_wise5": {
    "confidence": 45,
    "fairPrice": 425000.0,
    "median": 425000.0,
    "sampleCount": 5,
    "stddev": 1205717.7505712686,
    "volumePerWeek": 5,
    "weightedMean": 640031.6277435408
  },
  "enrich:magic_find": {
    "confidence": 54,
    "fairPrice": 8500000.0,
    "median": 8500000.0,
    "sampleCount": 1,
    "stddev": 0.0,
    "volumePerWeek": 1,
    "weightedMean": 8500000.0
  },
  "recomb:applied": {
    "confidence": 89,
    "fairPrice": 7174907.242732903,
    "median": 7576776.0,
    "sampleCount": 23,
    "stddev": 3205747.3292101487,
    "volumePerWeek": 23,
    "weightedMean": 6789386.680460568
  },
  "reforge:ancient": {
    "confidence": 47,
    "fairPrice": 1079000.0,
    "median": 1079000.0,
    "sampleCount": 1,
    "stddev": 0.0,
    "volumePerWeek": 1,
    "weightedMean": 1079000.0
  },
  "reforge:blazing": {
    "confidence": 50,
    "fairPrice": 15026.96675451341,
    "median": 77505.0,
    "sampleCount": 3,
    "stddev": 179965.15514831073,
    "volumePerWeek": 3,
    "weightedMean": -47451.06649097318
  },
  "reforge:blended": {
    "confidence": 46,
    "fairPrice": 8313538.0,
    "median": 8313538.0,
    "sampleCount": 1,
    "stddev": 0.0,
    "volumePerWeek": 1,
    "weightedMean": 8313538.0
  },
  "reforge:dimensional": {
    "confidence": 38,
    "fairPrice": 1105499.5,
    "median": 1105499.5,
    "sampleCount": 2,
    "stddev": 2205499.5,
    "volumePerWeek": 2,
    "weightedMean": 1485203.7545813515
  },
  "reforge:fierce": {
    "confidence": 33,
    "fairPrice": 80087.0,
    "median": 80087.0,
    "sampleCount": 2,
    "stddev": 158086.0,
    "volumePerWeek": 2,
    "weightedMean": 106204.94012091658
  },
  "reforge:heroic": {
    "confidence": 45,
    "fairPrice": 381688.81225335895,
    "median": 395000.0,
    "sampleCount": 3,
    "stddev": 208773.14671086305,
    "volumePerWeek": 3,
    "weightedMean": 265176.16422486975
  },
  "reforge:jaded": {
    "confidence": 52,
    "fairPrice": 32150000.0,
    "median": 32150000.0,
    "sampleCount": 1,
    "stddev": 0.0,
    "volumePerWeek": 1,
    "weightedMean": 32150000.0
  },
  "reforge:legendary": {
    "confidence": 56,
    "fairPrice": 21511.0,
    "median": 21511.0,
    "sampleCount": 1,
    "stddev": 0.0,
    "volumePerWeek": 1,
    "weightedMean": 21511.0
  },
  "reforge:mantid": {
    "confidence": 54,
    "fairPrice": -68904.0,
    "median": -68904.0,
    "sampleCount": 1,
    "stddev": 0.0,
    "volumePerWeek": 1,
    "weightedMean": -68904.0
  },
  "reforge:menacing": {
    "confidence": 61,
    "fairPrice": 32368.41213053847,
    "median": 115888.0,
    "sampleCount": 3,
    "stddev": 231615.69172853747,
    "volumePerWeek": 3,
    "weightedMean": -51151.17573892306
  },
  "reforge:none": {
    "confidence": 62,
    "fairPrice": -87658.34031832594,
    "median": -75199.0,
    "sampleCount": 4,
    "stddev": 77472.77062458784,
    "volumePerWeek": 4,
    "weightedMean": -100117.68063665189
  },
  "reforge:rooted": {
    "confidence": 50,
    "fairPrice": 401000.0,
    "median": 401000.0,
    "sampleCount": 7,
    "stddev": 1291339.171898771,
    "volumePerWeek": 7,
    "weightedMean": 777429.2737905689
  },
  "reforge:rugged": {
    "confidence": 41,
    "fairPrice": 108332.0,
    "median": 108332.0,
    "sampleCount": 1,
    "stddev": 0.0,
    "volumePerWeek": 1,
    "weightedMean": 108332.0
  },
  "reforge:snowy": {
    "confidence": 56,
    "fairPrice": 1801000.0,
    "median": 1801000.0,
    "sampleCount": 1,
    "stddev": 0.0,
    "volumePerWeek": 1,
    "weightedMean": 1801000.0
  },
  "reforge:squeaky": {
    "confidence": 40,
    "fairPrice": -121650.0,
    "median": -121650.0,
    "sampleCount": 3,
    "stddev": 4739898.838277951,
    "volumePerWeek": 3,
    "weightedMean": 3255269.8516981257
  },
  "reforge:toil": {
    "confidence": 50,
    "fairPrice": -67122.0,
    "median": -67122.0,
    "sampleCount": 1,
    "stddev": 0.0,
    "volumePerWeek": 1,
    "weightedMean": -67122.0
  },
  "reforge:unyielding": {
    "confidence": 54,
    "fairPrice": -127796.0,
    "median": -127796.0,
    "sampleCount": 1,
    "stddev": 0.0,
    "volumePerWeek": 1,
    "weightedMean": -127796.0
  },
  "reforge:waxed": {
    "confidence": 27,
    "fairPrice": 4500499.5,
    "median": 4500499.5,
    "sampleCount": 2,
    "stddev": 4599500.5,
    "volumePerWeek": 2,
    "weightedMean": 4500592.032052592
  }
}
