{
  "drill_part:upgrade_module:goblin_omelette_spicy": {
    "confidence": 54,
    "fairPrice": 2366285.0,
    "median": 2366285.0,
    "sampleCount": 1,
    "stddev": 0.0,
    "volumePerWeek": 1,
    "weightedMean": 2366285.0
  },
  "ench:arcane5": {
    "confidence": 40,
    "fairPrice": 116286.87472904655,
    "median": 116586.5,
    "sampleCount": 4,
    "stddev": 24337.793988979363,
    "volumePerWeek": 4,
    "weightedMean": 114668.11022117276
  },
  "ench:depth_strider3": {
    "confidence": 61,
    "fairPrice": -3866.0991022134813,
    "median": -2244.0,
    "sampleCount": 3,
    "stddev": 31202.517334343393,
    "volumePerWeek": 3,
    "weightedMean": -13057.994014756545
  },
  "ench:efficiency10": {
    "confidence": 27,
    "fairPrice": 574521.7989478016,
    "median": 575000.0,
    "sampleCount": 2,
    "stddev": 75000.0,
    "volumePerWeek": 2,
    "weightedMean": 569500.6878997182
  },
  "ench:efficiency5": {
    "confidence": 69,
    "fairPrice": -18306.173332071816,
    "median": -26778.0,
    "sampleCount": 9,
    "stddev": 110160.25938301586,
    "volumePerWeek": 9,
    "weightedMean": -7951.718515715145
  },
  "ench:feather_falling5": {
    "confidence": 27,
    "fairPrice": -67284.0,
    "median": -67284.0,
    "sampleCount": 1,
    "stddev": 0.0,
    "volumePerWeek": 1,
    "weightedMean": -67284.0
  },
  "ench:forest_pledge5": {
    "confidence": 48,
    "fairPrice": 1216215.0,
    "median": 1216215.0,
    "sampleCount": 1,
    "stddev": 0.0,
    "volumePerWeek": 1,
    "weightedMean": 1216215.0
  },
  "ench:frost_walker2": {
    "confidence": 22,
    "fairPrice": 500000.0,
    "median": 500000.0,
    "sampleCount": 1,
    "stddev": 0.0,
    "volumePerWeek": 1,
    "weightedMean": 500000.00000000006
  },
  "ench:green_thumb1": {
    "confidence": 37,
    "fairPrice": 220425.0,
    "median": 220425.0,
    "sampleCount": 1,
    "stddev": 0.0,
    "volumePerWeek": 1,
    "weightedMean": 220425.00000000003
  },
  "ench:green_thumb2": {
    "confidence": 44,
    "fairPrice": 2417339.8813509694,
    "median": 2435787.5,
    "sampleCount": 2,
    "stddev": 592834.5,
    "volumePerWeek": 2,
    "weightedMean": 2191969.676593355
  },
  "ench:green_thumb3": {
    "confidence": 47,
    "fairPrice": 4435000.0,
    "median": 4435000.0,
    "sampleCount": 1,
    "stddev": 0.0,
    "volumePerWeek": 1,
    "weightedMean": 4435000.0
  },
  "ench:green_thumb5": {
    "confidence": 27,
    "fairPrice": 8255001.999999999,
    "median": 8255002.0,
    "sampleCount": 1,
    "stddev": 0.0,
    "volumePerWeek": 1,
    "weightedMean": 8255002.0
  },
  "ench:growth5": {
    "confidence": 84,
    "fairPrice": -40571.06742709367,
    "median": -14001.0,
    "sampleCount": 13,
    "stddev": 223677.08286086872,
    "volumePerWeek": 13,
    "weightedMean": -54878.02681091334
  },
  "ench:mana_steal3": {
    "confidence": 48,
    "fairPrice": 3705000.0,
    "median": 3705000.0,
    "sampleCount": 1,
    "stddev": 0.0,
    "volumePerWeek": 1,
    "weightedMean": 3705000.0000000005
  },
  "ench:pesterminator1": {
    "confidence": 40,
    "fairPrice": -250000.38599098762,
    "median": -250000.0,
    "sampleCount": 2,
    "stddev": 100000.0,
    "volumePerWeek": 2,
    "weightedMean": -250003.85990987622
  },
  "ench:pesterminator5": {
    "confidence": 56,
    "fairPrice": -622513.2141229926,
    "median": -662699.0,
    "sampleCount": 3,
    "stddev": 281199.7856056556,
    "volumePerWeek": 3,
    "weightedMean": -394793.76081995026
  },
  "ench:protection2": {
    "confidence": 24,
    "fairPrice": 350000.0,
    "median": 350000.0,
    "sampleCount": 1,
    "stddev": 0.0,
    "volumePerWeek": 1,
    "weightedMean": 350000.0
  },
  "ench:protection5": {
    "confidence": 79,
    "fairPrice": 6250.0,
    "median": 6250.0,
    "sampleCount": 22,
    "stddev": 23982.891738023765,
    "volumePerWeek": 22,
    "weightedMean": 2993.7149122948745
  },
  "ench:protection6": {
    "confidence": 28,
    "fairPrice": 137391.94652766944,
    "median": 137440.5,
    "sampleCount": 2,
    "stddev": 2179.5,
    "volumePerWeek": 2,
    "weightedMean": 136947.1417138828
  },
  "ench:scuba5": {
    "confidence": 51,
    "fairPrice": -450000.0,
    "median": -450000.0,
    "sampleCount": 1,
    "stddev": 0.0,
    "volumePerWeek": 1,
    "weightedMean": -450000.0
  },
  "ench:sharpness5": {
    "confidence": 34,
    "fairPrice": -499735.99999999994,
    "median": -499736.0,
    "sampleCount": 1,
    "stddev": 0.0,
    "volumePerWeek": 1,
    "weightedMean": -499736.0
  },
  "ench:ultimate_missile5": {
    "confidence": 27,
    "fairPrice": 2406959.0,
    "median": 2406959.0,
    "sampleCount": 1,
    "stddev": 0.0,
    "volumePerWeek": 1,
    "weightedMean": 2406959.0
  },
  "ench:ultimate_one_for_all1": {
    "confidence": 38,
    "fairPrice": 2029613.5,
    "median": 2029613.5,
    "sampleCount": 2,
    "stddev": 2870386.5,
    "volumePerWeek": 2,
    "weightedMean": 1032964.2129286769
  },
  "ench:ultimate_wisdom5": {
    "confidence": 51,
    "fairPrice": 1.0,
    "median": 1.0,
    "sampleCount": 1,
    "stddev": 0.0,
    "volumePerWeek": 1,
    "weightedMean": 1.0
  },
  "ench:ultimate_wise5": {
    "confidence": 55,
    "fairPrice": 1818516.0321885382,
    "median": 1800001.0,
    "sampleCount": 11,
    "stddev": 2046927.2948739452,
    "volumePerWeek": 11,
    "weightedMean": 2239828.5903944047
  },
  "enrich:critical_chance": {
    "confidence": 53,
    "fairPrice": 7006082.551893844,
    "median": 7005830.5,
    "sampleCount": 2,
    "stddev": 5830.5,
    "volumePerWeek": 2,
    "weightedMean": 7008353.118350678
  },
  "enrich:ferocity": {
    "confidence": 48,
    "fairPrice": 6401564.0,
    "median": 6401564.0,
    "sampleCount": 1,
    "stddev": 0.0,
    "volumePerWeek": 1,
    "weightedMean": 6401563.999999999
  },
  "enrich:magic_find": {
    "confidence": 39,
    "fairPrice": 5778664.334897025,
    "median": 5842337.0,
    "sampleCount": 3,
    "stddev": 2245581.1028709006,
    "volumePerWeek": 3,
    "weightedMean": 5148229.955271418
  },
  "gem:AMBER_0:FINE": {
    "confidence": 27,
    "fairPrice": 116795.75745099447,
    "median": 116762.5,
    "sampleCount": 2,
    "stddev": 111325.5,
    "volumePerWeek": 2,
    "weightedMean": 123904.71651966237
  },
  "gem:AQUAMARINE_0:FINE": {
    "confidence": 38,
    "fairPrice": 597109.7554710553,
    "median": 597110.0,
    "sampleCount": 2,
    "stddev": 247110.0,
    "volumePerWeek": 2,
    "weightedMean": 597105.8282663374
  },
  "gem:CITRINE_0:FINE": {
    "confidence": 36,
    "fairPrice": 3627932.0,
    "median": 3627932.0,
    "sampleCount": 1,
    "stddev": 0.0,
    "volumePerWeek": 1,
    "weightedMean": 3627932.0
  },
  "recomb:applied": {
    "confidence": 89,
    "fairPrice": 6884879.235044733,
    "median": 7011661.0,
    "sampleCount": 55,
    "stddev": 3441982.812595938,
    "volumePerWeek": 55,
    "weightedMean": 6747324.9697326785
  },
  "reforge:ancient": {
    "confidence": 64,
    "fairPrice": 145422.0934541367,
    "median": 980000.0,
    "sampleCount": 7,
    "stddev": 4843531.896871087,
    "volumePerWeek": 7,
    "weightedMean": -1404508.3044167524
  },
  "reforge:aote_stone": {
    "confidence": 28,
    "fairPrice": 7121635.226132875,
    "median": 7130731.5,
    "sampleCount": 2,
    "stddev": 2312516.5,
    "volumePerWeek": 2,
    "weightedMean": 6996110.926619756
  },
  "reforge:blazing": {
    "confidence": 52,
    "fairPrice": -2503.0,
    "median": -2503.0,
    "sampleCount": 10,
    "stddev": 380057.97448236763,
    "volumePerWeek": 10,
    "weightedMean": 93130.72443090224
  },
  "reforge:blended": {
    "confidence": 60,
    "fairPrice": -720622.683626871,
    "median": -750000.0,
    "sampleCount": 3,
    "stddev": 493893.1980870628,
    "volumePerWeek": 3,
    "weightedMean": -554151.22417914
  },
  "reforge:blooming": {
    "confidence": 23,
    "fairPrice": 162120.0,
    "median": 162120.0,
    "sampleCount": 4,
    "stddev": 312291.8059686925,
    "volumePerWeek": 4,