{
  "ench:arcane5": {
    "confidence": 56,
    "fairPrice": 108332.0,
    "median": 108332.0,
    "sampleCount": 1,
    "stddev": 0.0,
    "volumePerWeek": 1,
    "weightedMean": 108332.0
  },
  "recomb:applied": {
    "confidence": 61,
    "fairPrice": 3550725.7224902157,
    "median": 3580000.0,
    "sampleCount": 3,
    "stddev": 84852.8137423857,
    "volumePerWeek": 3,
    "weightedMean": 3520005.2159356214
  },
  "reforge:blazing": {
    "confidence": 54,
    "fairPrice": 92754.40904677848,
    "median": 92754.0,
    "sampleCount": 2,
    "stddev": 15249.0,
    "volumePerWeek": 2,
    "weightedMean": 92754.97905231641
  },
  "reforge:rugged": {
    "confidence": 56,
    "fairPrice": 108332.0,
    "median": 108332.0,
    "sampleCount": 1,
    "stddev": 0.0,
    "volumePerWeek": 1,
    "weightedMean": 108332.0
  }
}
