{
  "drill_part:upgrade_module:goblin_omelette_spicy": {
    "confidence": 48,
    "fairPrice": 2366285.0,
    "median": 2366285.0,
    "sampleCount": 1,
    "stddev": 0.0,
    "volumePerWeek": 1,
    "weightedMean": 2366285.0
  },
  "ench:arcane5": {
    "confidence": 34,
    "fairPrice": 116286.87472904655,
    "median": 116586.5,
    "sampleCount": 4,
    "stddev": 24337.793988979363,
    "volumePerWeek": 4,
    "weightedMean": 114668.11022117276
  },
  "ench:bane_of_arthropods5": {
    "confidence": 54,
    "fairPrice": -28699.0,
    "median": -28699.0,
    "sampleCount": 1,
    "stddev": 0.0,
    "volumePerWeek": 1,
    "weightedMean": -28699.0
  },
  "ench:depth_strider3": {
    "confidence": 55,
    "fairPrice": -3866.0991022134813,
    "median": -2244.0,
    "sampleCount": 3,
    "stddev": 31202.517334343393,
    "volumePerWeek": 3,
    "weightedMean": -13057.994014756543
  },
  "ench:efficiency10": {
    "confidence": 21,
    "fairPrice": 574521.7989478016,
    "median": 575000.0,
    "sampleCount": 2,
    "stddev": 75000.0,
    "volumePerWeek": 2,
    "weightedMean": 569500.6878997181
  },
  "ench:efficiency5": {
    "confidence": 63,
    "fairPrice": -18306.173332071812,
    "median": -26778.0,
    "sampleCount": 9,
    "stddev": 110160.25938301586,
    "volumePerWeek": 9,
    "weightedMean": -7951.718515715138
  },
  "ench:feather_falling5": {
    "confidence": 22,
    "fairPrice": -67284.0,
    "median": -67284.0,
    "sampleCount": 1,
    "stddev": 0.0,
    "volumePerWeek": 1,
    "weightedMean": -67284.0
  },
  "ench:forest_pledge5": {
    "confidence": 42,
    "fairPrice": 1216215.0,
    "median": 1216215.0,
    "sampleCount": 1,
    "stddev": 0.0,
    "volumePerWeek": 1,
    "weightedMean": 1216215.0
  },
  "ench:frost_walker2": {
    "confidence": 22,
    "fairPrice": 500000.0,
    "median": 500000.0,
    "sampleCount": 1,
    "stddev": 0.0,
    "volumePerWeek": 1,
    "weightedMean": 499999.99999999994
  },
  "ench:green_thumb1": {
    "confidence": 31,
    "fairPrice": 220425.0,
    "median": 220425.0,
    "sampleCount": 1,
    "stddev": 0.0,
    "volumePerWeek": 1,
    "weightedMean": 220425.0
  },
  "ench:green_thumb2": {
    "confidence": 38,
    "fairPrice": 2417339.8813509694,
    "median": 2435787.5,
    "sampleCount": 2,
    "stddev": 592834.5,
    "volumePerWeek": 2,
    "weightedMean": 2191969.676593355
  },
  "ench:green_thumb3": {
    "confidence": 41,
    "fairPrice": 4435000.0,
    "median": 4435000.0,
    "sampleCount": 1,
    "stddev": 0.0,
    "volumePerWeek": 1,
    "weightedMean": 4435000.0
  },
  "ench:green_thumb5": {
    "confidence": 22,
    "fairPrice": 8255001.999999999,
    "median": 8255002.0,
    "sampleCount": 1,
    "stddev": 0.0,
    "volumePerWeek": 1,
    "weightedMean": 8255002.0
  },
  "ench:growth5": {
    "confidence": 94,
    "fairPrice": -60894.018005615624,
    "median": -12549.5,
    "sampleCount": 18,
    "stddev": 170475.80583643925,
    "volumePerWeek": 18,
    "weightedMean": -66265.6311173507
  },
  "ench:mana_steal3": {
    "confidence": 42,
    "fairPrice": 3705000.0,
    "median": 3705000.0,
    "sampleCount": 1,
    "stddev": 0.0,
    "volumePerWeek": 1,
    "weightedMean": 3704999.9999999995
  },
  "ench:overload5": {
    "confidence": 52,
    "fairPrice": 38915.0,
    "median": 38915.0,
    "sampleCount": 1,
    "stddev": 0.0,
    "volumePerWeek": 1,
    "weightedMean": 38915.0
  },
  "ench:pesterminator1": {
    "confidence": 34,
    "fairPrice": -250000.38599098762,
    "median": -250000.0,
    "sampleCount": 2,
    "stddev": 100000.0,
    "volumePerWeek": 2,
    "weightedMean": -250003.85990987628
  },
  "ench:pesterminator5": {
    "confidence": 50,
    "fairPrice": -622513.2141229926,
    "median": -662699.0,
    "sampleCount": 3,
    "stddev": 281199.7856056556,
    "volumePerWeek": 3,
    "weightedMean": -394793.7608199502
  },
  "ench:protection2": {
    "confidence": 22,
    "fairPrice": 350000.0,
    "median": 350000.0,
    "sampleCount": 1,
    "stddev": 0.0,
    "volumePerWeek": 1,
    "weightedMean": 350000.0
  },
  "ench:protection5": {
    "confidence": 99,
    "fairPrice": 403.2651287250571,
    "median": 3500.0,
    "sampleCount": 25,
    "stddev": 33782.74852036761,
    "volumePerWeek": 25,
    "weightedMean": 403.2651287250571
  },
  "ench:protection6": {
    "confidence": 24,
    "fairPrice": 137391.94652766944,
    "median": 137440.5,
    "sampleCount": 2,
    "stddev": 2179.5,
    "volumePerWeek": 2,
    "weightedMean": 136947.1417138828
  },
  "ench:respiration3": {
    "confidence": 56,
    "fairPrice": 1724148.9999999998,
    "median": 1724149.0,
    "sampleCount": 1,
    "stddev": 0.0,
    "volumePerWeek": 1,
    "weightedMean": 1724149.0
  },
  "ench:scuba5": {
    "confidence": 45,
    "fairPrice": -450000.0,
    "median": -450000.0,
    "sampleCount": 1,
    "stddev": 0.0,
    "volumePerWeek": 1,
    "weightedMean": -450000.00000000006
  },
  "ench:sharpness5": {
    "confidence": 28,
    "fairPrice": -499735.99999999994,
    "median": -499736.0,
    "sampleCount": 1,
    "stddev": 0.0,
    "volumePerWeek": 1,
    "weightedMean": -499736.00000000006
  },
  "ench:syphon3": {
    "confidence": 54,
    "fairPrice": -28699.0,
    "median": -28699.0,
    "sampleCount": 1,
    "stddev": 0.0,
    "volumePerWeek": 1,
    "weightedMean": -28699.0
  },
  "ench:ultimate_missile5": {
    "confidence": 22,
    "fairPrice": 2406959.0,
    "median": 2406959.0,
    "sampleCount": 1,
    "stddev": 0.0,
    "volumePerWeek": 1,
    "weightedMean": 2406959.0
  },
  "ench:ultimate_one_for_all1": {
    "confidence": 32,
    "fairPrice": 2029613.5,
    "median": 2029613.5,
    "sampleCount": 2,
    "stddev": 2870386.5,
    "volumePerWeek": 2,
    "weightedMean": 1032964.2129286771
  },
  "ench:ultimate_wisdom5": {
    "confidence": 45,
    "fairPrice": 1.0,
    "median": 1.0,
    "sampleCount": 1,
    "stddev": 0.0,
    "volumePerWeek": 1,
    "weightedMean": 1.0
  },
  "ench:ultimate_wise5": {
    "confidence": 62,
    "fairPrice": 1800001.0,
    "median": 1800001.0,
    "sampleCount": 13,
    "stddev": 2613225.977338106,
    "volumePerWeek": 13,
    "weightedMean": 3010664.684024461
  },
  "enrich:critical_chance": {
    "confidence": 47,
    "fairPrice": 7006082.551893844,
    "median": 7005830.5,
    "sampleCount": 2,
    "stddev": 5830.5,
    "volumePerWeek": 2,
    "weightedMean": 7008353.118350679
  },
  "enrich:ferocity": {
    "confidence": 52,
    "fairPrice": 5180811.916840758,
    "median": 5202887.0,
    "sampleCount": 2,
    "stddev": 1198677.0,
    "volumePerWeek": 2,
    "weightedMean": 4916053.48429244
  },
  "enrich:magic_find": {
    "confidence": 54,
    "fairPrice": 4354120.167105431,
    "median": 4421418.5,
    "sampleCount": 4,
    "stddev": 2446974.830452734,
    "volumePerWeek": 4,
    "weightedMean": 3752448.4035186595
  },
  "gem:AMBER_0:FINE": {
    "confidence": 21,
    "fairPrice": 116795.75745099447,
    "median": 116762.5,
    "sampleCount": 2,
    "stddev": 111325.5,
    "volumePerWeek": 2,
    "weightedMean": 123904.71651966235
  },
  "gem:AQUAMARINE_0:FINE": {
    "confidence": 47,
    "fairPrice": 597109.7554710553,
    "median": 597110.0,
    "sampleCount": 2,
    "stddev": 247110.0,
    "volumePerWeek": 2,
    "weightedMean": 597105.8282663373
  },
  "gem:CITRINE_0:FINE": {
    "confidence": 30,
    "fairPrice": 3627932.0,
    "median": 3627932.0,
    "sampleCount": 1,
    "stddev": 0.0,
    "volumePerWeek": 1,
    "weightedMean": 3627932.0
  },
  "recomb:applied": {
    "confidence": 88,
    "fairPrice": 6337158.1422529835,
    "median": 6678796.0,
    "sampleCount": 79,
    "stddev": 3452981.6972357198,
    "volumePerWeek": 79,
    "weightedMean": 5901639.9348045
  },
  "reforge:ancient": {
    "confidence": 58,
    "fairPrice": 145422.09345413675,
    "median": 980000.0,
    "sampleCount": 7,
    "stddev": 4843531.896871087,
    "volumePerWeek": 7,
    "weightedMean": -1404508.3044167522
  },