{
  "ench:arcane5": {
    "confidence": 51,
    "fairPrice": 116286.87472904655,
    "median": 116586.5,
    "sampleCount": 4,
    "stddev": 24337.793988979363,
    "volumePerWeek": 4,
    "weightedMean": 114668.11022117276
  },
  "ench:depth_strider3": {
    "confidence": 49,
    "fairPrice": 0.0,
    "median": 0.0,
    "sampleCount": 1,
    "stddev": 0.0,
    "volumePerWeek": 1,
    "weightedMean": 0.0
  },
  "ench:efficiency10": {
    "confidence": 38,
    "fairPrice": 574521.7989478016,
    "median": 575000.0,
    "sampleCount": 2,
    "stddev": 75000.0,
    "volumePerWeek": 2,
    "weightedMean": 569500.6878997181
  },
  "ench:efficiency5": {
    "confidence": 65,
    "fairPrice": -27343.17605774399,
    "median": -38389.0,
    "sampleCount": 8,
    "stddev": 116657.90844066252,
    "volumePerWeek": 8,
    "weightedMean": -10774.440144359976
  },
  "ench:feather_falling5": {
    "confidence": 39,
    "fairPrice": -67284.0,
    "median": -67284.0,
    "sampleCount": 1,
    "stddev": 0.0,
    "volumePerWeek": 1,
    "weightedMean": -67284.0
  },
  "ench:forest_pledge5": {
    "confidence": 40,
    "fairPrice": 2435278.944890886,
    "median": 2422073.5,
    "sampleCount": 2,
    "stddev": 1205858.5,
    "volumePerWeek": 2,
    "weightedMean": 2685057.9075753465
  },
  "ench:frost_walker2": {
    "confidence": 24,
    "fairPrice": 500000.0,
    "median": 500000.0,
    "sampleCount": 1,
    "stddev": 0.0,
    "volumePerWeek": 1,
    "weightedMean": 499999.99999999994
  },
  "ench:green_thumb1": {
    "confidence": 48,
    "fairPrice": 220425.0,
    "median": 220425.0,
    "sampleCount": 1,
    "stddev": 0.0,
    "volumePerWeek": 1,
    "weightedMean": 220424.99999999997
  },
  "ench:green_thumb2": {
    "confidence": 36,
    "fairPrice": 3028622.0,
    "median": 3028622.0,
    "sampleCount": 1,
    "stddev": 0.0,
    "volumePerWeek": 1,
    "weightedMean": 3028622.0
  },
  "ench:green_thumb5": {
    "confidence": 38,
    "fairPrice": 8255001.999999999,
    "median": 8255002.0,
    "sampleCount": 1,
    "stddev": 0.0,
    "volumePerWeek": 1,
    "weightedMean": 8255002.0
  },
  "ench:growth5": {
    "confidence": 53,
    "fairPrice": -11098.0,
    "median": -11098.0,
    "sampleCount": 9,
    "stddev": 119475.5568735585,
    "volumePerWeek": 9,
    "weightedMean": 29151.658558260053
  },
  "ench:pesterminator1": {
    "confidence": 51,
    "fairPrice": -250000.38599098762,
    "median": -250000.0,
    "sampleCount": 2,
    "stddev": 100000.0,
    "volumePerWeek": 2,
    "weightedMean": -250003.85990987625
  },
  "ench:pesterminator5": {
    "confidence": 49,
    "fairPrice": -681349.5849217782,
    "median": -681349.5,
    "sampleCount": 2,
    "stddev": 18650.5,
    "volumePerWeek": 2,
    "weightedMean": -681350.3492177809
  },
  "ench:protection2": {
    "confidence": 35,
    "fairPrice": 350000.0,
    "median": 350000.0,
    "sampleCount": 1,
    "stddev": 0.0,
    "volumePerWeek": 1,
    "weightedMean": 350000.0
  },
  "ench:protection5": {
    "confidence": 66,
    "fairPrice": 9000.0,
    "median": 9000.0,
    "sampleCount": 17,
    "stddev": 25125.329361748318,
    "volumePerWeek": 17,
    "weightedMean": 7541.81896507854
  },
  "ench:protection6": {
    "confidence": 39,
    "fairPrice": 137391.94652766944,
    "median": 137440.5,
    "sampleCount": 2,
    "stddev": 2179.5,
    "volumePerWeek": 2,
    "weightedMean": 136947.1417138828
  },
  "ench:sharpness5": {
    "confidence": 45,
    "fairPrice": -499735.99999999994,
    "median": -499736.0,
    "sampleCount": 1,
    "stddev": 0.0,
    "volumePerWeek": 1,
    "weightedMean": -499736.0
  },
  "ench:ultimate_missile5": {
    "confidence": 39,
    "fairPrice": 2406959.0,
    "median": 2406959.0,
    "sampleCount": 1,
    "stddev": 0.0,
    "volumePerWeek": 1,
    "weightedMean": 2406959.0
  },
  "ench:ultimate_one_for_all1": {
    "confidence": 48,
    "fairPrice": 4900000.0,
    "median": 4900000.0,
    "sampleCount": 1,
    "stddev": 0.0,
    "volumePerWeek": 1,
    "weightedMean": 4900000.0
  },
  "ench:ultimate_wise5": {
    "confidence": 52,
    "fairPrice": 2237995.2651436175,
    "median": 2222761.0,
    "sampleCount": 10,
    "stddev": 2111983.8744628807,
    "volumePerWeek": 10,
    "weightedMean": 2544721.23001669
  },
  "enrich:critical_chance": {
    "confidence": 39,
    "fairPrice": 7000000.0,
    "median": 7000000.0,
    "sampleCount": 1,
    "stddev": 0.0,
    "volumePerWeek": 1,
    "weightedMean": 7000000.0
  },
  "enrich:magic_find": {
    "confidence": 51,
    "fairPrice": 5778664.334897025,
    "median": 5842337.0,
    "sampleCount": 3,
    "stddev": 2245581.1028709006,
    "volumePerWeek": 3,
    "weightedMean": 5148229.95527142
  },
  "gem:AMBER_0:FINE": {
    "confidence": 39,
    "fairPrice": 116795.75745099447,
    "median": 116762.5,
    "sampleCount": 2,
    "stddev": 111325.5,
    "volumePerWeek": 2,
    "weightedMean": 123904.71651966234
  },
  "gem:AQUAMARINE_0:FINE": {
    "confidence": 49,
    "fairPrice": 597109.7554710553,
    "median": 597110.0,
    "sampleCount": 2,
    "stddev": 247110.0,
    "volumePerWeek": 2,
    "weightedMean": 597105.8282663374
  },
  "gem:CITRINE_0:FINE": {
    "confidence": 47,
    "fairPrice": 3627932.0,
    "median": 3627932.0,
    "sampleCount": 1,
    "stddev": 0.0,
    "volumePerWeek": 1,
    "weightedMean": 3627932.0
  },
  "recomb:applied": {
    "confidence": 90,
    "fairPrice": 6667789.195908546,
    "median": 6839398.0,
    "sampleCount": 42,
    "stddev": 3207494.478160682,
    "volumePerWeek": 42,
    "weightedMean": 6496882.837423593
  },
  "reforge:ancient": {
    "confidence": 53,
    "fairPrice": 372728.51915630733,
    "median": 1029500.0,
    "sampleCount": 6,
    "stddev": 5217597.006055685,
    "volumePerWeek": 6,
    "weightedMean": -1159738.2694789756
  },
  "reforge:aote_stone": {
    "confidence": 39,
    "fairPrice": 7121635.226132876,
    "median": 7130731.5,
    "sampleCount": 2,
    "stddev": 2312516.5,
    "volumePerWeek": 2,
    "weightedMean": 6996110.926619757
  },
  "reforge:blazing": {
    "confidence": 42,
    "fairPrice": 39793.0,
    "median": 39793.0,
    "sampleCount": 6,
    "stddev": 294785.7936777521,
    "volumePerWeek": 6,
    "weightedMean": 155046.87005563648
  },
  "reforge:blended": {
    "confidence": 43,
    "fairPrice": 290000.0,
    "median": 290000.0,
    "sampleCount": 1,
    "stddev": 0.0,
    "volumePerWeek": 1,
    "weightedMean": 290000.0
  },
  "reforge:blooming": {
    "confidence": 34,
    "fairPrice": 162120.0,
    "median": 162120.0,
    "sampleCount": 4,
    "stddev": 312291.8059686925,
    "volumePerWeek": 4,
    "weightedMean": 185682.1876387962
  },
  "reforge:brilliant": {
    "confidence": 52,
    "fairPrice": -224506.29655668128,
    "median": -221652.0,
    "sampleCount": 2,
    "stddev": 221652.0,
    "volumePerWeek": 2,
    "weightedMean": -250194.96556681275
  },
  "reforge:bustling": {
    "confidence": 53,
    "fairPrice": -152500.91829506442,
    "median": -150000.0,
    "sampleCount": 3,
    "stddev": 143372.08778404378,
    "volumePerWeek": 3,
    "weightedMean": -166672.7886337628
  },
  "reforge:calcified": {
    "confidence": 32,
    "fairPrice": 442276.5,
    "median": 442276.5,
    "sampleCount": 2,
    "stddev": 607723.5,
    "volumePerWeek": 2,
    "weightedMean": 555177.1763313337
  },
  "reforge:dimensional": {
    "confidence": 46,
    "fairPrice": 364963.13704815845,
    "median": 364044.0,
    "sampleCount": 4,
    "stddev": 344972.12323642906,
    "volumePerWeek": 4,
    "weightedMean": 390929.0394582594
  },
  "reforge:double_bit": {
    "confidence": 49,
    "fairPrice": -50000.0,
    "median": -50000.0,
    "sampleCount": 1,
    "stddev": 0.0,
    "volumePerWeek": 1,
    "weightedMean": -49999.99999999999
  },
  "reforge:excellent": {
    "confidence": 57,
    "fairPrice": 5980.0,
    "median": 5980.0,
    "sampleCount": 1,
    "stddev": 0.0,
    "volumePerWeek": 1,
    "weightedMean": 5980.0
  },