{
  "ench:arcane5": {
    "confidence": 49,
    "fairPrice": 107604.04884707372,
    "median": 108332.0,
    "sampleCount": 3,
    "stddev": 26566.862220108385,
    "volumePerWeek": 3,
    "weightedMean": 106392.291540377
  },
  "ench:efficiency10": {
    "confidence": 57,
    "fairPrice": 650000.0,
    "median": 650000.0,
    "sampleCount": 1,
    "stddev": 0.0,
    "volumePerWeek": 1,
    "weightedMean": 650000.0
  },
  "ench:efficiency5": {
    "confidence": 60,
    "fairPrice": -7860.564708139649,
    "median": 2991.5,
    "sampleCount": 4,
    "stddev": 137226.39272635384,
    "volumePerWeek": 4,
    "weightedMean": -18712.6294162793
  },
  "ench:frost_walker2": {
    "confidence": 46,
    "fairPrice": 500000.0,
    "median": 500000.0,
    "sampleCount": 1,
    "stddev": 0.0,
    "volumePerWeek": 1,
    "weightedMean": 500000.0
  },
  "ench:growth5": {
    "confidence": 35,
    "fairPrice": 424701.0,
    "median": 424701.0,
    "sampleCount": 2,
    "stddev": 435799.0,
    "volumePerWeek": 2,
    "weightedMean": 451767.0612807758
  },
  "ench:protection5": {
    "confidence": 37,
    "fairPrice": -11098.0,
    "median": -11098.0,
    "sampleCount": 3,
    "stddev": 419839.4969583284,
    "volumePerWeek": 3,
    "weightedMean": 300938.2081215984
  },
  "ench:protection6": {
    "confidence": 48,
    "fairPrice": 139620.0,
    "median": 139620.0,
    "sampleCount": 1,
    "stddev": 0.0,
    "volumePerWeek": 1,
    "weightedMean": 139620.0
  },
  "ench:ultimate_wise5": {
    "confidence": 42,
    "fairPrice": 1812760.5,
    "median": 1812760.5,
    "sampleCount": 4,
    "stddev": 2378310.0558196125,
    "volumePerWeek": 4,
    "weightedMean": 1885528.0674757673
  },
  "recomb:applied": {
    "confidence": 76,
    "fairPrice": 5904006.012786249,
    "median": 5788388.0,
    "sampleCount": 14,
    "stddev": 3015143.7942443006,
    "volumePerWeek": 14,
    "weightedMean": 6125255.775492244
  },
  "reforge:ancient": {
    "confidence": 51,
    "fairPrice": 1079000.0,
    "median": 1079000.0,
    "sampleCount": 1,
    "stddev": 0.0,
    "volumePerWeek": 1,
    "weightedMean": 1079000.0
  },
  "reforge:blazing": {
    "confidence": 53,
    "fairPrice": 15026.966754513425,
    "median": 77505.0,
    "sampleCount": 3,
    "stddev": 179965.15514831073,
    "volumePerWeek": 3,
    "weightedMean": -47451.06649097315
  },
  "reforge:blended": {
    "confidence": 50,
    "fairPrice": 8313538.0,
    "median": 8313538.0,
    "sampleCount": 1,
    "stddev": 0.0,
    "volumePerWeek": 1,
    "weightedMean": 8313538.0
  },
  "reforge:dimensional": {
    "confidence": 50,
    "fairPrice": -1100000.0,
    "median": -1100000.0,
    "sampleCount": 1,
    "stddev": 0.0,
    "volumePerWeek": 1,
    "weightedMean": -1100000.0
  },
  "reforge:fierce": {
    "confidence": 37,
    "fairPrice": 80087.0,
    "median": 80087.0,
    "sampleCount": 2,
    "stddev": 158086.0,
    "volumePerWeek": 2,
    "weightedMean": 106204.94012091658
  },
  "reforge:heroic": {
    "confidence": 32,
    "fairPrice": 2149591.0,
    "median": 2149591.0,
    "sampleCount": 2,
    "stddev": 3250000.0,
    "volumePerWeek": 2,
    "weightedMean": 2089306.1446407293
  },
  "reforge:jaded": {
    "confidence": 56,
    "fairPrice": 32150000.0,
    "median": 32150000.0,
    "sampleCount": 1,
    "stddev": 0.0,
    "volumePerWeek": 1,
    "weightedMean": 32150000.0
  },
  "reforge:menacing": {
    "confidence": 38,
    "fairPrice": 2061715.4677974838,
    "median": 2057944.0,
    "sampleCount": 2,
    "stddev": 1942056.0,
    "volumePerWeek": 2,
    "weightedMean": 2191891.7689670236
  },
  "reforge:none": {
    "confidence": 55,
    "fairPrice": -40103.58204714037,
    "median": -30973.0,
    "sampleCount": 3,
    "stddev": 49621.932491814776,
    "volumePerWeek": 3,
    "weightedMean": -49234.16409428075
  },
  "reforge:rooted": {
    "confidence": 59,
    "fairPrice": -321561.57004554034,
    "median": -414737.5,
    "sampleCount": 4,
    "stddev": 396918.3676000016,
    "volumePerWeek": 4,
    "weightedMean": -228385.64009108068
  },
  "reforge:rugged": {
    "confidence": 44,
    "fairPrice": 108332.0,
    "median": 108332.0,
    "sampleCount": 1,
    "stddev": 0.0,
    "volumePerWeek": 1,
    "weightedMean": 108332.0
  },
  "reforge:squeaky": {
    "confidence": 56,
    "fairPrice": -121650.0,
    "median": -121650.0,
    "sampleCount": 1,
    "stddev": 0.0,
    "volumePerWeek": 1,
    "weightedMean": -121650.0
  },
  "reforge:toil": {
    "confidence": 53,
    "fairPrice": -67122.0,
    "median": -67122.0,
    "sampleCount": 1,
    "stddev": 0.0,
    "volumePerWeek": 1,
    "weightedMean": -67122.0
  },
  "reforge:waxed": {
    "confidence": 31,
    "fairPrice": 4500499.5,
    "median": 4500499.5,
    "sampleCount": 2,
    "stddev": 4599500.5,
    "volumePerWeek": 2,
    "weightedMean": 4500592.032052592
  }
}
