{
  "ench:arcane5": {
    "confidence": 34,
    "fairPrice": 89362.36879054496,
    "median": 90718.5,
    "sampleCount": 4,
    "stddev": 65147.784015939484,
    "volumePerWeek": 4,
    "weightedMean": 59397.987051142394
  },
  "ench:depth_strider3": {
    "confidence": 39,
    "fairPrice": 66358.0,
    "median": 66358.0,
    "sampleCount": 2,
    "stddev": 133642.0,
    "volumePerWeek": 2,
    "weightedMean": 89377.04017580453
  },
  "ench:efficiency10": {
    "confidence": 37,
    "fairPrice": 482204.728444765,
    "median": 500000.0,
    "sampleCount": 3,
    "stddev": 277888.8666755511,
    "volumePerWeek": 3,
    "weightedMean": 370613.9643158481
  },
  "ench:efficiency5": {
    "confidence": 59,
    "fairPrice": -44471.096187151474,
    "median": -46950.0,
    "sampleCount": 6,
    "stddev": 119033.6487138779,
    "volumePerWeek": 6,
    "weightedMean": -41992.192374302955
  },
  "ench:feather_falling5": {
    "confidence": 47,
    "fairPrice": -67284.0,
    "median": -67284.0,
    "sampleCount": 1,
    "stddev": 0.0,
    "volumePerWeek": 1,
    "weightedMean": -67284.0
  },
  "ench:forest_pledge5": {
    "confidence": 49,
    "fairPrice": 2488100.724454429,
    "median": 2422073.5,
    "sampleCount": 2,
    "stddev": 1205858.5,
    "volumePerWeek": 2,
    "weightedMean": 2685057.907575346
  },
  "ench:frost_walker2": {
    "confidence": 33,
    "fairPrice": 500000.0,
    "median": 500000.0,
    "sampleCount": 1,
    "stddev": 0.0,
    "volumePerWeek": 1,
    "weightedMean": 500000.0
  },
  "ench:green_thumb1": {
    "confidence": 57,
    "fairPrice": 220425.0,
    "median": 220425.0,
    "sampleCount": 1,
    "stddev": 0.0,
    "volumePerWeek": 1,
    "weightedMean": 220425.0
  },
  "ench:green_thumb2": {
    "confidence": 45,
    "fairPrice": 3028622.0,
    "median": 3028622.0,
    "sampleCount": 1,
    "stddev": 0.0,
    "volumePerWeek": 1,
    "weightedMean": 3028622.0
  },
  "ench:green_thumb5": {
    "confidence": 47,
    "fairPrice": 8255002.0,
    "median": 8255002.0,
    "sampleCount": 1,
    "stddev": 0.0,
    "volumePerWeek": 1,
    "weightedMean": 8255002.000000001
  },
  "ench:growth5": {
    "confidence": 63,
    "fairPrice": -110770.00758390289,
    "median": -96369.0,
    "sampleCount": 4,
    "stddev": 268791.96799895266,
    "volumePerWeek": 4,
    "weightedMean": -125171.01516780579
  },
  "ench:pesterminator5": {
    "confidence": 58,
    "fairPrice": -681349.9246088904,
    "median": -681349.5,
    "sampleCount": 2,
    "stddev": 18650.5,
    "volumePerWeek": 2,
    "weightedMean": -681350.3492177809
  },
  "ench:protection2": {
    "confidence": 44,
    "fairPrice": 350000.0,
    "median": 350000.0,
    "sampleCount": 1,
    "stddev": 0.0,
    "volumePerWeek": 1,
    "weightedMean": 350000.0
  },
  "ench:protection5": {
    "confidence": 79,
    "fairPrice": -1794.2358927389812,
    "median": -499.0,
    "sampleCount": 11,
    "stddev": 24398.51375537195,
    "volumePerWeek": 11,
    "weightedMean": -2853.974350434511
  },
  "ench:protection6": {
    "confidence": 48,
    "fairPrice": 137197.73263834714,
    "median": 137440.5,
    "sampleCount": 2,
    "stddev": 2179.5,
    "volumePerWeek": 2,
    "weightedMean": 136947.1417138828
  },
  "ench:sharpness5": {
    "confidence": 54,
    "fairPrice": -499736.0,
    "median": -499736.0,
    "sampleCount": 1,
    "stddev": 0.0,
    "volumePerWeek": 1,
    "weightedMean": -499736.0
  },
  "ench:ultimate_missile5": {
    "confidence": 47,
    "fairPrice": 2406959.0,
    "median": 2406959.0,
    "sampleCount": 1,
    "stddev": 0.0,
    "volumePerWeek": 1,
    "weightedMean": 2406959.0
  },
  "ench:ultimate_wise5": {
    "confidence": 48,
    "fairPrice": 1812760.5,
    "median": 1812760.5,
    "sampleCount": 8,
    "stddev": 2135168.9240546636,
    "volumePerWeek": 8,
    "weightedMean": 2163809.9757745676
  },
  "enrich:critical_chance": {
    "confidence": 47,
    "fairPrice": 7000000.0,
    "median": 7000000.0,
    "sampleCount": 1,
    "stddev": 0.0,
    "volumePerWeek": 1,
    "weightedMean": 7000000.0
  },
  "enrich:magic_find": {
    "confidence": 54,
    "fairPrice": 7060946.18553464,
    "median": 7171168.5,
    "sampleCount": 2,
    "stddev": 1328831.5,
    "volumePerWeek": 2,
    "weightedMean": 6900584.043988276
  },
  "gem:CITRINE_0:FINE": {
    "confidence": 56,
    "fairPrice": 3627932.0,
    "median": 3627932.0,
    "sampleCount": 1,
    "stddev": 0.0,
    "volumePerWeek": 1,
    "weightedMean": 3627932.0
  },
  "recomb:applied": {
    "confidence": 90,
    "fairPrice": 6849359.915660717,
    "median": 7024500.0,
    "sampleCount": 30,
    "stddev": 3056807.9214017373,
    "volumePerWeek": 30,
    "weightedMean": 6693595.631856358
  },
  "reforge:ancient": {
    "confidence": 62,
    "fairPrice": -65119.13473948778,
    "median": 1029500.0,
    "sampleCount": 6,
    "stddev": 5217597.006055685,
    "volumePerWeek": 6,
    "weightedMean": -1159738.2694789756
  },
  "reforge:aote_stone": {
    "confidence": 48,
    "fairPrice": 7085250.130664378,
    "median": 7130731.5,
    "sampleCount": 2,
    "stddev": 2312516.5,
    "volumePerWeek": 2,
    "weightedMean": 6996110.926619756
  },
  "reforge:blazing": {
    "confidence": 45,
    "fairPrice": 77505.0,
    "median": 77505.0,
    "sampleCount": 5,
    "stddev": 319540.21247886785,
    "volumePerWeek": 5,
    "weightedMean": 212805.1147761535
  },
  "reforge:blended": {
    "confidence": 37,
    "fairPrice": 290000.0,
    "median": 290000.0,
    "sampleCount": 3,
    "stddev": 4049780.283681902,
    "volumePerWeek": 3,
    "weightedMean": 1670503.3255292925
  },
  "reforge:blooming": {
    "confidence": 43,
    "fairPrice": 162120.0,
    "median": 162120.0,
    "sampleCount": 4,
    "stddev": 312291.8059686925,
    "volumePerWeek": 4,
    "weightedMean": 185682.18763879617
  },
  "reforge:brilliant": {
    "confidence": 52,
    "fairPrice": 0.0,
    "median": 0.0,
    "sampleCount": 1,
    "stddev": 0.0,
    "volumePerWeek": 1,
    "weightedMean": 0.0
  },
  "reforge:calcified": {
    "confidence": 49,
    "fairPrice": -165447.0,
    "median": -165447.0,
    "sampleCount": 1,
    "stddev": 0.0,
    "volumePerWeek": 1,
    "weightedMean": -165447.0
  },
  "reforge:dimensional": {
    "confidence": 28,
    "fairPrice": 1105499.5,
    "median": 1105499.5,
    "sampleCount": 2,
    "stddev": 2205499.5,
    "volumePerWeek": 2,
    "weightedMean": 1485203.7545813515
  },
  "reforge:fierce": {
    "confidence": 41,
    "fairPrice": 238173.0,
    "median": 238173.0,
    "sampleCount": 3,
    "stddev": 330921.60761257174,
    "volumePerWeek": 3,
    "weightedMean": 426202.7731840754
  },
  "reforge:gilded": {
    "confidence": 56,
    "fairPrice": -3139812.0,
    "median": -3139812.0,
    "sampleCount": 1,
    "stddev": 0.0,
    "volumePerWeek": 1,
    "weightedMean": -3139812.0
  },
  "reforge:glistening": {
    "confidence": 55,
    "fairPrice": -145000.0,
    "median": -145000.0,
    "sampleCount": 1,
    "stddev": 0.0,
    "volumePerWeek": 1,
    "weightedMean": -145000.0
  },
  "reforge:godly": {
    "confidence": 34,
    "fairPrice": 194113.00040070122,
    "median": 194250.0,
    "sampleCount": 2,
    "stddev": 158086.0,
    "volumePerWeek": 2,
    "weightedMean": 192778.2506269336
  },
  "reforge:hefty": {
    "confidence": 48,
    "fairPrice": -316956.0,
    "median": -316956.0,
    "sampleCount": 1,
    "stddev": 0.0,
    "volumePerWeek": 1,
    "weightedMean": -316956.0
  },
  "reforge:heroic": {
    "confidence": 44,
    "fairPrice": 417713.75320908666,
    "median": 410000.0,
    "sampleCount": 4,
    "stddev": 366551.8735338663,
    "volumePerWeek": 4,
    "weightedMean": 495964.5505335389
  },
  "reforge:jaded": {
    "confidence": 42,
    "fairPrice": 32150000.0,
    "median": 32150000.0,
    "sampleCount": 1,
    "stddev": 0.0,
    "volumePerWeek": 1,
    "weightedMean": 32149999.999999996
  },
  "reforge:legendary": {
    "confidence": 47,
    "fairPrice": 21511.0,
    "median": 21511.0,