{
  "ench:arcane5": {
    "confidence": 45,
    "fairPrice": 116286.87472904655,
    "median": 116586.5,
    "sampleCount": 4,
    "stddev": 24337.793988979363,
    "volumePerWeek": 4,
    "weightedMean": 114668.11022117276
  },
  "ench:depth_strider3": {
    "confidence": 63,
    "fairPrice": -60263.79004745011,
    "median": -33642.0,
    "sampleCount": 4,
    "stddev": 257138.9088625057,
    "volumePerWeek": 4,
    "weightedMean": -166750.95023725054
  },
  "ench:efficiency10": {
    "confidence": 32,
    "fairPrice": 574521.7989478016,
    "median": 575000.0,
    "sampleCount": 2,
    "stddev": 75000.0,
    "volumePerWeek": 2,
    "weightedMean": 569500.687899718
  },
  "ench:efficiency5": {
    "confidence": 74,
    "fairPrice": -18306.173332071816,
    "median": -26778.0,
    "sampleCount": 9,
    "stddev": 110160.25938301586,
    "volumePerWeek": 9,
    "weightedMean": -7951.718515715141
  },
  "ench:feather_falling5": {
    "confidence": 32,
    "fairPrice": -67284.0,
    "median": -67284.0,
    "sampleCount": 1,
    "stddev": 0.0,
    "volumePerWeek": 1,
    "weightedMean": -67284.0
  },
  "ench:forest_pledge5": {
    "confidence": 53,
    "fairPrice": 1216215.0,
    "median": 1216215.0,
    "sampleCount": 1,
    "stddev": 0.0,
    "volumePerWeek": 1,
    "weightedMean": 1216215.0
  },
  "ench:frost_walker2": {
    "confidence": 22,
    "fairPrice": 500000.0,
    "median": 500000.0,
    "sampleCount": 1,
    "stddev": 0.0,
    "volumePerWeek": 1,
    "weightedMean": 499999.99999999994
  },
  "ench:green_thumb1": {
    "confidence": 42,
    "fairPrice": 220425.0,
    "median": 220425.0,
    "sampleCount": 1,
    "stddev": 0.0,
    "volumePerWeek": 1,
    "weightedMean": 220425.0
  },
  "ench:green_thumb2": {
    "confidence": 49,
    "fairPrice": 2417339.8813509694,
    "median": 2435787.5,
    "sampleCount": 2,
    "stddev": 592834.5,
    "volumePerWeek": 2,
    "weightedMean": 2191969.676593355
  },
  "ench:green_thumb3": {
    "confidence": 52,
    "fairPrice": 4435000.0,
    "median": 4435000.0,
    "sampleCount": 1,
    "stddev": 0.0,
    "volumePerWeek": 1,
    "weightedMean": 4435000.0
  },
  "ench:green_thumb5": {
    "confidence": 32,
    "fairPrice": 8255001.999999999,
    "median": 8255002.0,
    "sampleCount": 1,
    "stddev": 0.0,
    "volumePerWeek": 1,
    "weightedMean": 8255002.0
  },
  "ench:growth5": {
    "confidence": 58,
    "fairPrice": -11098.0,
    "median": -11098.0,
    "sampleCount": 11,
    "stddev": 134454.6422133772,
    "volumePerWeek": 11,
    "weightedMean": 40998.86791446388
  },
  "ench:mana_steal3": {
    "confidence": 53,
    "fairPrice": 3705000.0,
    "median": 3705000.0,
    "sampleCount": 1,
    "stddev": 0.0,
    "volumePerWeek": 1,
    "weightedMean": 3705000.0
  },
  "ench:pesterminator1": {
    "confidence": 45,
    "fairPrice": -250000.38599098762,
    "median": -250000.0,
    "sampleCount": 2,
    "stddev": 100000.0,
    "volumePerWeek": 2,
    "weightedMean": -250003.85990987622
  },
  "ench:pesterminator5": {
    "confidence": 61,
    "fairPrice": -622513.2141229926,
    "median": -662699.0,
    "sampleCount": 3,
    "stddev": 281199.7856056556,
    "volumePerWeek": 3,
    "weightedMean": -394793.76081995014
  },
  "ench:protection2": {
    "confidence": 29,
    "fairPrice": 350000.0,
    "median": 350000.0,
    "sampleCount": 1,
    "stddev": 0.0,
    "volumePerWeek": 1,
    "weightedMean": 350000.0
  },
  "ench:protection5": {
    "confidence": 72,
    "fairPrice": 9000.0,
    "median": 9000.0,
    "sampleCount": 17,
    "stddev": 25125.329361748318,
    "volumePerWeek": 17,
    "weightedMean": 7541.81896507854
  },
  "ench:protection6": {
    "confidence": 33,
    "fairPrice": 137391.94652766944,
    "median": 137440.5,
    "sampleCount": 2,
    "stddev": 2179.5,
    "volumePerWeek": 2,
    "weightedMean": 136947.1417138828
  },
  "ench:scuba5": {
    "confidence": 56,
    "fairPrice": -450000.0,
    "median": -450000.0,
    "sampleCount": 1,
    "stddev": 0.0,
    "volumePerWeek": 1,
    "weightedMean": -450000.0
  },
  "ench:sharpness5": {
    "confidence": 39,
    "fairPrice": -499735.99999999994,
    "median": -499736.0,
    "sampleCount": 1,
    "stddev": 0.0,
    "volumePerWeek": 1,
    "weightedMean": -499736.0
  },
  "ench:ultimate_missile5": {
    "confidence": 32,
    "fairPrice": 2406959.0,
    "median": 2406959.0,
    "sampleCount": 1,
    "stddev": 0.0,
    "volumePerWeek": 1,
    "weightedMean": 2406959.0
  },
  "ench:ultimate_one_for_all1": {
    "confidence": 42,
    "fairPrice": 4900000.0,
    "median": 4900000.0,
    "sampleCount": 1,
    "stddev": 0.0,
    "volumePerWeek": 1,
    "weightedMean": 4900000.0
  },
  "ench:ultimate_wisdom5": {
    "confidence": 56,
    "fairPrice": 1.0,
    "median": 1.0,
    "sampleCount": 1,
    "stddev": 0.0,
    "volumePerWeek": 1,
    "weightedMean": 1.0
  },
  "ench:ultimate_wise5": {
    "confidence": 60,
    "fairPrice": 1818516.0321885382,
    "median": 1800001.0,
    "sampleCount": 11,
    "stddev": 2046927.2948739452,
    "volumePerWeek": 11,
    "weightedMean": 2239828.5903944047
  },
  "enrich:critical_chance": {
    "confidence": 58,
    "fairPrice": 7006082.551893844,
    "median": 7005830.5,
    "sampleCount": 2,
    "stddev": 5830.5,
    "volumePerWeek": 2,
    "weightedMean": 7008353.118350679
  },
  "enrich:ferocity": {
    "confidence": 53,
    "fairPrice": 6401564.0,
    "median": 6401564.0,
    "sampleCount": 1,
    "stddev": 0.0,
    "volumePerWeek": 1,
    "weightedMean": 6401564.0
  },
  "enrich:magic_find": {
    "confidence": 44,
    "fairPrice": 5778664.334897025,
    "median": 5842337.0,
    "sampleCount": 3,
    "stddev": 2245581.1028709006,
    "volumePerWeek": 3,
    "weightedMean": 5148229.955271419
  },
  "gem:AMBER_0:FINE": {
    "confidence": 32,
    "fairPrice": 116795.75745099447,
    "median": 116762.5,
    "sampleCount": 2,
    "stddev": 111325.5,
    "volumePerWeek": 2,
    "weightedMean": 123904.71651966235
  },
  "gem:AQUAMARINE_0:FINE": {
    "confidence": 43,
    "fairPrice": 597109.7554710553,
    "median": 597110.0,
    "sampleCount": 2,
    "stddev": 247110.0,
    "volumePerWeek": 2,
    "weightedMean": 597105.8282663374
  },
  "gem:CITRINE_0:FINE": {
    "confidence": 41,
    "fairPrice": 3627932.0,
    "median": 3627932.0,
    "sampleCount": 1,
    "stddev": 0.0,
    "volumePerWeek": 1,
    "weightedMean": 3627932.0
  },
  "recomb:applied": {
    "confidence": 89,
    "fairPrice": 6866497.028521325,
    "median": 7011661.0,
    "sampleCount": 53,
    "stddev": 3455997.992492242,
    "volumePerWeek": 53,
    "weightedMean": 6706525.074871007
  },
  "reforge:ancient": {
    "confidence": 69,
    "fairPrice": 145422.09345413686,
    "median": 980000.0,
    "sampleCount": 7,
    "stddev": 4843531.896871087,
    "volumePerWeek": 7,
    "weightedMean": -1404508.304416752
  },
  "reforge:aote_stone": {
    "confidence": 33,
    "fairPrice": 7121635.226132875,
    "median": 7130731.5,
    "sampleCount": 2,
    "stddev": 2312516.5,
    "volumePerWeek": 2,
    "weightedMean": 6996110.926619756
  },
  "reforge:blazing": {
    "confidence": 57,
    "fairPrice": -2503.0,
    "median": -2503.0,
    "sampleCount": 10,
    "stddev": 380057.97448236763,
    "volumePerWeek": 10,
    "weightedMean": 93130.7244309022
  },
  "reforge:blended": {
    "confidence": 37,
    "fairPrice": 290000.0,
    "median": 290000.0,
    "sampleCount": 1,
    "stddev": 0.0,
    "volumePerWeek": 1,
    "weightedMean": 290000.0
  },
  "reforge:blooming": {
    "confidence": 28,
    "fairPrice": 162120.0,
    "median": 162120.0,
    "sampleCount": 4,
    "stddev": 312291.8059686925,
    "volumePerWeek": 4,
    "weightedMean": 185682.18763879617
  },
  "reforge:brilliant": {
    "confidence": 46,
    "fairPrice": -224506.2965566813,
    "median": -221652.0,
    "sampleCount": 2,
    "stddev": 221652.0,
    "volumePerWeek": 2,
    "weightedMean": -250194.96556681284
  },
  "reforge:bustling": {
    "confidence": 47,