{
  "ench:arcane5": {
    "confidence": 50,
    "fairPrice": 107604.0488470737,
    "median": 108332.0,
    "sampleCount": 3,
    "stddev": 26566.862220108385,
    "volumePerWeek": 3,
    "weightedMean": 106392.29154037699
  },
  "ench:efficiency5": {
    "confidence": 61,
    "fairPrice": -7860.564708139649,
    "median": 2991.5,
    "sampleCount": 4,
    "stddev": 137226.39272635384,
    "volumePerWeek": 4,
    "weightedMean": -18712.6294162793
  },
  "ench:frost_walker2": {
    "confidence": 47,
    "fairPrice": 500000.0,
    "median": 500000.0,
    "sampleCount": 1,
    "stddev": 0.0,
    "volumePerWeek": 1,
    "weightedMean": 500000.0
  },
  "ench:growth5": {
    "confidence": 35,
    "fairPrice": 424701.0,
    "median": 424701.0,
    "sampleCount": 2,
    "stddev": 435799.0,
    "volumePerWeek": 2,
    "weightedMean": 451767.0612807758
  },
  "ench:protection5": {
    "confidence": 38,
    "fairPrice": -11098.0,
    "median": -11098.0,
    "sampleCount": 3,
    "stddev": 419839.4969583284,
    "volumePerWeek": 3,
    "weightedMean": 300938.2081215984
  },
  "ench:protection6": {
    "confidence": 48,
    "fairPrice": 139620.0,
    "median": 139620.0,
    "sampleCount": 1,
    "stddev": 0.0,
    "volumePerWeek": 1,
    "weightedMean": 139620.0
  },
  "ench:ultimate_wise5": {
    "confidence": 43,
    "fairPrice": 1812760.5,
    "median": 1812760.5,
    "sampleCount": 4,
    "stddev": 2378310.0558196125,
    "volumePerWeek": 4,
    "weightedMean": 1885528.067475767
  },
  "recomb:applied": {
    "confidence": 73,
    "fairPrice": 4564791.296106461,
    "median": 4000000.0,
    "sampleCount": 13,
    "stddev": 3000384.4838879937,
    "volumePerWeek": 13,
    "weightedMean": 5842435.238792659
  },
  "reforge:ancient": {
    "confidence": 51,
    "fairPrice": 1079000.0,
    "median": 1079000.0,
    "sampleCount": 1,
    "stddev": 0.0,
    "volumePerWeek": 1,
    "weightedMean": 1079000.0
  },
  "reforge:blazing": {
    "confidence": 54,
    "fairPrice": 15026.966754513414,
    "median": 77505.0,
    "sampleCount": 3,
    "stddev": 179965.15514831073,
    "volumePerWeek": 3,
    "weightedMean": -47451.06649097317
  },
  "reforge:blended": {
    "confidence": 51,
    "fairPrice": 8313538.0,
    "median": 8313538.0,
    "sampleCount": 1,
    "stddev": 0.0,
    "volumePerWeek": 1,
    "weightedMean": 8313537.999999999
  },
  "reforge:dimensional": {
    "confidence": 51,
    "fairPrice": -1100000.0,
    "median": -1100000.0,
    "sampleCount": 1,
    "stddev": 0.0,
    "volumePerWeek": 1,
    "weightedMean": -1100000.0
  },
  "reforge:fierce": {
    "confidence": 37,
    "fairPrice": 80087.0,
    "median": 80087.0,
    "sampleCount": 2,
    "stddev": 158086.0,
    "volumePerWeek": 2,
    "weightedMean": 106204.94012091658
  },
  "reforge:heroic": {
    "confidence": 33,
    "fairPrice": 2149591.0,
    "median": 2149591.0,
    "sampleCount": 2,
    "stddev": 3250000.0,
    "volumePerWeek": 2,
    "weightedMean": 2089306.1446407293
  },
  "reforge:jaded": {
    "confidence": 56,
    "fairPrice": 32150000.0,
    "median": 32150000.0,
    "sampleCount": 1,
    "stddev": 0.0,
    "volumePerWeek": 1,
    "weightedMean": 32150000.0
  },
  "reforge:menacing": {
    "confidence": 38,
    "fairPrice": 2061715.467797484,
    "median": 2057944.0,
    "sampleCount": 2,
    "stddev": 1942056.0,
    "volumePerWeek": 2,
    "weightedMean": 2191891.768967024
  },
  "reforge:none": {
    "confidence": 55,
    "fairPrice": -40103.58204714037,
    "median": -30973.0,
    "sampleCount": 3,
    "stddev": 49621.932491814776,
    "volumePerWeek": 3,
    "weightedMean": -49234.16409428074
  },
  "reforge:rooted": {
    "confidence": 60,
    "fairPrice": -321561.57004554034,
    "median": -414737.5,
    "sampleCount": 4,
    "stddev": 396918.3676000016,
    "volumePerWeek": 4,
    "weightedMean": -228385.6400910807
  },
  "reforge:rugged": {
    "confidence": 45,
    "fairPrice": 108332.0,
    "median": 108332.0,
    "sampleCount": 1,
    "stddev": 0.0,
    "volumePerWeek": 1,
    "weightedMean": 108331.99999999999
  },
  "reforge:squeaky": {
    "confidence": 56,
    "fairPrice": -121650.0,
    "median": -121650.0,
    "sampleCount": 1,
    "stddev": 0.0,
    "volumePerWeek": 1,
    "weightedMean": -121650.0
  },
  "reforge:toil": {
    "confidence": 54,
    "fairPrice": -67122.0,
    "median": -67122.0,
    "sampleCount": 1,
    "stddev": 0.0,
    "volumePerWeek": 1,
    "weightedMean": -67122.0
  },
  "reforge:waxed": {
    "confidence": 32,
    "fairPrice": 4500499.5,
    "median": 4500499.5,
    "sampleCount": 2,
    "stddev": 4599500.5,
    "volumePerWeek": 2,
    "weightedMean": 4500592.032052592
  }
}
