{
  "ench:arcane5": {
    "confidence": 39,
    "fairPrice": 89362.36879054496,
    "median": 90718.5,
    "sampleCount": 4,
    "stddev": 65147.784015939484,
    "volumePerWeek": 4,
    "weightedMean": 59397.98705114239
  },
  "ench:depth_strider3": {
    "confidence": 53,
    "fairPrice": -67284.0,
    "median": -67284.0,
    "sampleCount": 1,
    "stddev": 0.0,
    "volumePerWeek": 1,
    "weightedMean": -67284.0
  },
  "ench:efficiency10": {
    "confidence": 43,
    "fairPrice": 482204.728444765,
    "median": 500000.0,
    "sampleCount": 3,
    "stddev": 277888.8666755511,
    "volumePerWeek": 3,
    "weightedMean": 370613.9643158482
  },
  "ench:efficiency5": {
    "confidence": 65,
    "fairPrice": -44471.09618715148,
    "median": -46950.0,
    "sampleCount": 6,
    "stddev": 119033.6487138779,
    "volumePerWeek": 6,
    "weightedMean": -41992.19237430296
  },
  "ench:feather_falling5": {
    "confidence": 53,
    "fairPrice": -67284.0,
    "median": -67284.0,
    "sampleCount": 1,
    "stddev": 0.0,
    "volumePerWeek": 1,
    "weightedMean": -67284.0
  },
  "ench:forest_pledge5": {
    "confidence": 51,
    "fairPrice": 1216215.0,
    "median": 1216215.0,
    "sampleCount": 1,
    "stddev": 0.0,
    "volumePerWeek": 1,
    "weightedMean": 1216215.0
  },
  "ench:frost_walker2": {
    "confidence": 38,
    "fairPrice": 500000.0,
    "median": 500000.0,
    "sampleCount": 1,
    "stddev": 0.0,
    "volumePerWeek": 1,
    "weightedMean": 500000.0
  },
  "ench:green_thumb2": {
    "confidence": 50,
    "fairPrice": 3028622.0,
    "median": 3028622.0,
    "sampleCount": 1,
    "stddev": 0.0,
    "volumePerWeek": 1,
    "weightedMean": 3028621.9999999995
  },
  "ench:green_thumb5": {
    "confidence": 53,
    "fairPrice": 8255002.0,
    "median": 8255002.0,
    "sampleCount": 1,
    "stddev": 0.0,
    "volumePerWeek": 1,
    "weightedMean": 8255002.0
  },
  "ench:growth5": {
    "confidence": 41,
    "fairPrice": -96369.0,
    "median": -96369.0,
    "sampleCount": 4,
    "stddev": 519235.66134343087,
    "volumePerWeek": 4,
    "weightedMean": -41698.58492144421
  },
  "ench:protection2": {
    "confidence": 50,
    "fairPrice": 350000.0,
    "median": 350000.0,
    "sampleCount": 1,
    "stddev": 0.0,
    "volumePerWeek": 1,
    "weightedMean": 350000.0
  },
  "ench:protection5": {
    "confidence": 66,
    "fairPrice": 1850.5161439137164,
    "median": 1951.0,
    "sampleCount": 6,
    "stddev": 25036.815357034175,
    "volumePerWeek": 6,
    "weightedMean": 1750.0322878274326
  },
  "ench:protection6": {
    "confidence": 54,
    "fairPrice": 137197.73263834714,
    "median": 137440.5,
    "sampleCount": 2,
    "stddev": 2179.5,
    "volumePerWeek": 2,
    "weightedMean": 136947.1417138828
  },
  "ench:ultimate_missile5": {
    "confidence": 53,
    "fairPrice": 2406959.0,
    "median": 2406959.0,
    "sampleCount": 1,
    "stddev": 0.0,
    "volumePerWeek": 1,
    "weightedMean": 2406959.0
  },
  "ench:ultimate_wise5": {
    "confidence": 47,
    "fairPrice": 980000.0,
    "median": 980000.0,
    "sampleCount": 7,
    "stddev": 1992566.1842009318,
    "volumePerWeek": 7,
    "weightedMean": 1589938.2963470074
  },
  "enrich:critical_chance": {
    "confidence": 53,
    "fairPrice": 7000000.0,
    "median": 7000000.0,
    "sampleCount": 1,
    "stddev": 0.0,
    "volumePerWeek": 1,
    "weightedMean": 7000000.0
  },
  "enrich:magic_find": {
    "confidence": 50,
    "fairPrice": 8500000.0,
    "median": 8500000.0,
    "sampleCount": 1,
    "stddev": 0.0,
    "volumePerWeek": 1,
    "weightedMean": 8500000.0
  },
  "recomb:applied": {
    "confidence": 88,
    "fairPrice": 6796246.096514708,
    "median": 7024500.0,
    "sampleCount": 28,
    "stddev": 3114857.6034197225,
    "volumePerWeek": 28,
    "weightedMean": 6580854.667587909
  },
  "reforge:ancient": {
    "confidence": 68,
    "fairPrice": -65119.1347394879,
    "median": 1029500.0,
    "sampleCount": 6,
    "stddev": 5217597.006055685,
    "volumePerWeek": 6,
    "weightedMean": -1159738.2694789758
  },
  "reforge:aote_stone": {
    "confidence": 55,
    "fairPrice": 9443248.0,
    "median": 9443248.0,
    "sampleCount": 1,
    "stddev": 0.0,
    "volumePerWeek": 1,
    "weightedMean": 9443248.0
  },
  "reforge:blazing": {
    "confidence": 46,
    "fairPrice": 15026.966754513407,
    "median": 77505.0,
    "sampleCount": 3,
    "stddev": 179965.15514831073,
    "volumePerWeek": 3,
    "weightedMean": -47451.066490973186
  },
  "reforge:blended": {
    "confidence": 38,
    "fairPrice": 4271068.724496086,
    "median": 4301769.0,
    "sampleCount": 2,
    "stddev": 4011769.0,
    "volumePerWeek": 2,
    "weightedMean": 3390972.493419336
  },
  "reforge:calcified": {
    "confidence": 55,
    "fairPrice": -165447.0,
    "median": -165447.0,
    "sampleCount": 1,
    "stddev": 0.0,
    "volumePerWeek": 1,
    "weightedMean": -165447.0
  },
  "reforge:dimensional": {
    "confidence": 34,
    "fairPrice": 1105499.5,
    "median": 1105499.5,
    "sampleCount": 2,
    "stddev": 2205499.5,
    "volumePerWeek": 2,
    "weightedMean": 1485203.7545813515
  },
  "reforge:fierce": {
    "confidence": 29,
    "fairPrice": 80087.0,
    "median": 80087.0,
    "sampleCount": 2,
    "stddev": 158086.0,
    "volumePerWeek": 2,
    "weightedMean": 106204.94012091657
  },
  "reforge:godly": {
    "confidence": 40,
    "fairPrice": 194113.00040070125,
    "median": 194250.0,
    "sampleCount": 2,
    "stddev": 158086.0,
    "volumePerWeek": 2,
    "weightedMean": 192778.25062693362
  },
  "reforge:hefty": {
    "confidence": 54,
    "fairPrice": -316956.0,
    "median": -316956.0,
    "sampleCount": 1,
    "stddev": 0.0,
    "volumePerWeek": 1,
    "weightedMean": -316956.0
  },
  "reforge:heroic": {
    "confidence": 41,
    "fairPrice": 381688.81225335895,
    "median": 395000.0,
    "sampleCount": 3,
    "stddev": 208773.14671086305,
    "volumePerWeek": 3,
    "weightedMean": 265176.16422486975
  },
  "reforge:jaded": {
    "confidence": 48,
    "fairPrice": 32150000.0,
    "median": 32150000.0,
    "sampleCount": 1,
    "stddev": 0.0,
    "volumePerWeek": 1,
    "weightedMean": 32150000.000000004
  },
  "reforge:legendary": {
    "confidence": 52,
    "fairPrice": 21511.0,
    "median": 21511.0,
    "sampleCount": 1,
    "stddev": 0.0,
    "volumePerWeek": 1,
    "weightedMean": 21511.0
  },
  "reforge:mantid": {
    "confidence": 50,
    "fairPrice": -68904.0,
    "median": -68904.0,
    "sampleCount": 1,
    "stddev": 0.0,
    "volumePerWeek": 1,
    "weightedMean": -68904.0
  },
  "reforge:menacing": {
    "confidence": 57,
    "fairPrice": 32368.412130538454,
    "median": 115888.0,
    "sampleCount": 3,
    "stddev": 231615.69172853747,
    "volumePerWeek": 3,
    "weightedMean": -51151.17573892309
  },
  "reforge:none": {
    "confidence": 63,
    "fairPrice": -125054.04169891315,
    "median": -119425.0,
    "sampleCount": 5,
    "stddev": 85405.21000641589,
    "volumePerWeek": 5,
    "weightedMean": -130683.08339782631
  },
  "reforge:rooted": {
    "confidence": 51,
    "fairPrice": 93120.0,
    "median": 93120.0,
    "sampleCount": 8,
    "stddev": 1242689.3235561734,
    "volumePerWeek": 8,
    "weightedMean": 599509.1553023276
  },
  "reforge:rugged": {
    "confidence": 37,
    "fairPrice": 108332.0,
    "median": 108332.0,
    "sampleCount": 1,
    "stddev": 0.0,
    "volumePerWeek": 1,
    "weightedMean": 108332.0
  },
  "reforge:snowy": {
    "confidence": 52,
    "fairPrice": 1801000.0,
    "median": 1801000.0,
    "sampleCount": 1,
    "stddev": 0.0,
    "volumePerWeek": 1,
    "weightedMean": 1801000.0
  },
  "reforge:squeaky": {
    "confidence": 41,
    "fairPrice": 2719175.0,
    "median": 2719175.0,
    "sampleCount": 4,
    "stddev": 4231617.47175941,
    "volumePerWeek": 4,
    "weightedMean": 3891932.2694704253
  },
  "reforge:toil": {
    "confidence": 46,
    "fairPrice": -67122.0,
    "median": -67122.0,
    "sampleCount": 1,
    "stddev": 0.0,