{
  "ench:arcane5": {
    "confidence": 45,
    "fairPrice": 89362.36879054496,
    "median": 90718.5,
    "sampleCount": 4,
    "stddev": 65147.784015939484,
    "volumePerWeek": 4,
    "weightedMean": 59397.987051142394
  },
  "ench:efficiency10": {
    "confidence": 54,
    "fairPrice": 650000.0,
    "median": 650000.0,
    "sampleCount": 1,
    "stddev": 0.0,
    "volumePerWeek": 1,
    "weightedMean": 650000.0
  },
  "ench:efficiency5": {
    "confidence": 65,
    "fairPrice": -56632.085006989386,
    "median": -67122.0,
    "sampleCount": 5,
    "stddev": 130275.07274133452,
    "volumePerWeek": 5,
    "weightedMean": -46142.17001397877
  },
  "ench:forest_pledge5": {
    "confidence": 56,
    "fairPrice": 1216215.0,
    "median": 1216215.0,
    "sampleCount": 1,
    "stddev": 0.0,
    "volumePerWeek": 1,
    "weightedMean": 1216215.0
  },
  "ench:frost_walker2": {
    "confidence": 44,
    "fairPrice": 500000.0,
    "median": 500000.0,
    "sampleCount": 1,
    "stddev": 0.0,
    "volumePerWeek": 1,
    "weightedMean": 500000.00000000006
  },
  "ench:green_thumb2": {
    "confidence": 56,
    "fairPrice": 3028622.0,
    "median": 3028622.0,
    "sampleCount": 1,
    "stddev": 0.0,
    "volumePerWeek": 1,
    "weightedMean": 3028621.9999999995
  },
  "ench:growth5": {
    "confidence": 32,
    "fairPrice": 424701.0,
    "median": 424701.0,
    "sampleCount": 2,
    "stddev": 435799.0,
    "volumePerWeek": 2,
    "weightedMean": 451767.0612807758
  },
  "ench:protection2": {
    "confidence": 55,
    "fairPrice": 350000.0,
    "median": 350000.0,
    "sampleCount": 1,
    "stddev": 0.0,
    "volumePerWeek": 1,
    "weightedMean": 350000.0
  },
  "ench:protection5": {
    "confidence": 63,
    "fairPrice": -10712.727080054512,
    "median": -13049.0,
    "sampleCount": 4,
    "stddev": 25852.317009312723,
    "volumePerWeek": 4,
    "weightedMean": -8376.454160109022
  },
  "ench:protection6": {
    "confidence": 46,
    "fairPrice": 139620.0,
    "median": 139620.0,
    "sampleCount": 1,
    "stddev": 0.0,
    "volumePerWeek": 1,
    "weightedMean": 139620.0
  },
  "ench:ultimate_wise5": {
    "confidence": 44,
    "fairPrice": 980000.0,
    "median": 980000.0,
    "sampleCount": 5,
    "stddev": 2216428.7156757917,
    "volumePerWeek": 5,
    "weightedMean": 1529868.0062226066
  },
  "enrich:magic_find": {
    "confidence": 56,
    "fairPrice": 8500000.0,
    "median": 8500000.0,
    "sampleCount": 1,
    "stddev": 0.0,
    "volumePerWeek": 1,
    "weightedMean": 8500000.0
  },
  "recomb:applied": {
    "confidence": 85,
    "fairPrice": 6737683.430599787,
    "median": 7127786.0,
    "sampleCount": 18,
    "stddev": 3079944.1979817725,
    "volumePerWeek": 18,
    "weightedMean": 6247665.5423068395
  },
  "reforge:ancient": {
    "confidence": 49,
    "fairPrice": 1079000.0,
    "median": 1079000.0,
    "sampleCount": 1,
    "stddev": 0.0,
    "volumePerWeek": 1,
    "weightedMean": 1079000.0
  },
  "reforge:blazing": {
    "confidence": 51,
    "fairPrice": 15026.966754513418,
    "median": 77505.0,
    "sampleCount": 3,
    "stddev": 179965.15514831073,
    "volumePerWeek": 3,
    "weightedMean": -47451.066490973164
  },
  "reforge:blended": {
    "confidence": 48,
    "fairPrice": 8313538.0,
    "median": 8313538.0,
    "sampleCount": 1,
    "stddev": 0.0,
    "volumePerWeek": 1,
    "weightedMean": 8313538.0
  },
  "reforge:dimensional": {
    "confidence": 39,
    "fairPrice": 1105499.5,
    "median": 1105499.5,
    "sampleCount": 2,
    "stddev": 2205499.5,
    "volumePerWeek": 2,
    "weightedMean": 1485203.754581351
  },
  "reforge:fierce": {
    "confidence": 34,
    "fairPrice": 80087.0,
    "median": 80087.0,
    "sampleCount": 2,
    "stddev": 158086.0,
    "volumePerWeek": 2,
    "weightedMean": 106204.9401209166
  },
  "reforge:heroic": {
    "confidence": 60,
    "fairPrice": -92069.06590274886,
    "median": -32112.0,
    "sampleCount": 3,
    "stddev": 639190.6756059225,
    "volumePerWeek": 3,
    "weightedMean": -152026.13180549772
  },
  "reforge:jaded": {
    "confidence": 53,
    "fairPrice": 32150000.0,
    "median": 32150000.0,
    "sampleCount": 1,
    "stddev": 0.0,
    "volumePerWeek": 1,
    "weightedMean": 32150000.0
  },
  "reforge:mantid": {
    "confidence": 56,
    "fairPrice": -68904.0,
    "median": -68904.0,
    "sampleCount": 1,
    "stddev": 0.0,
    "volumePerWeek": 1,
    "weightedMean": -68904.0
  },
  "reforge:menacing": {
    "confidence": 36,
    "fairPrice": 2061715.4677974838,
    "median": 2057944.0,
    "sampleCount": 2,
    "stddev": 1942056.0,
    "volumePerWeek": 2,
    "weightedMean": 2191891.7689670236
  },
  "reforge:none": {
    "confidence": 63,
    "fairPrice": -87658.34031832595,
    "median": -75199.0,
    "sampleCount": 4,
    "stddev": 77472.77062458784,
    "volumePerWeek": 4,
    "weightedMean": -100117.6806366519
  },
  "reforge:rooted": {
    "confidence": 49,
    "fairPrice": 401000.0,
    "median": 401000.0,
    "sampleCount": 7,
    "stddev": 1291339.171898771,
    "volumePerWeek": 7,
    "weightedMean": 777429.273790569
  },
  "reforge:rugged": {
    "confidence": 42,
    "fairPrice": 108332.0,
    "median": 108332.0,
    "sampleCount": 1,
    "stddev": 0.0,
    "volumePerWeek": 1,
    "weightedMean": 108332.0
  },
  "reforge:squeaky": {
    "confidence": 38,
    "fairPrice": 4883762.5,
    "median": 4883762.5,
    "sampleCount": 2,
    "stddev": 5005412.5,
    "volumePerWeek": 2,
    "weightedMean": 5153660.147925543
  },
  "reforge:toil": {
    "confidence": 51,
    "fairPrice": -67122.0,
    "median": -67122.0,
    "sampleCount": 1,
    "stddev": 0.0,
    "volumePerWeek": 1,
    "weightedMean": -67122.0
  },
  "reforge:unyielding": {
    "confidence": 56,
    "fairPrice": -127796.0,
    "median": -127796.0,
    "sampleCount": 1,
    "stddev": 0.0,
    "volumePerWeek": 1,
    "weightedMean": -127796.0
  },
  "reforge:waxed": {
    "confidence": 29,
    "fairPrice": 4500499.5,
    "median": 4500499.5,
    "sampleCount": 2,
    "stddev": 4599500.5,
    "volumePerWeek": 2,
    "weightedMean": 4500592.032052592
  }
}
