{
  "ench:arcane5": {
    "confidence": 59,
    "fairPrice": 115837.4368226164,
    "median": 116586.5,
    "sampleCount": 4,
    "stddev": 24337.793988979363,
    "volumePerWeek": 4,
    "weightedMean": 114668.11022117276
  },
  "ench:depth_strider3": {
    "confidence": 38,
    "fairPrice": 66358.0,
    "median": 66358.0,
    "sampleCount": 2,
    "stddev": 133642.0,
    "volumePerWeek": 2,
    "weightedMean": 89377.04017580455
  },
  "ench:efficiency10": {
    "confidence": 37,
    "fairPrice": 482204.728444765,
    "median": 500000.0,
    "sampleCount": 3,
    "stddev": 277888.8666755511,
    "volumePerWeek": 3,
    "weightedMean": 370613.96431584813
  },
  "ench:efficiency5": {
    "confidence": 70,
    "fairPrice": -13860.362620003249,
    "median": -26778.0,
    "sampleCount": 7,
    "stddev": 124093.36688237645,
    "volumePerWeek": 7,
    "weightedMean": -942.7252400064971
  },
  "ench:feather_falling5": {
    "confidence": 47,
    "fairPrice": -67284.0,
    "median": -67284.0,
    "sampleCount": 1,
    "stddev": 0.0,
    "volumePerWeek": 1,
    "weightedMean": -67284.0
  },
  "ench:forest_pledge5": {
    "confidence": 48,
    "fairPrice": 2488100.724454429,
    "median": 2422073.5,
    "sampleCount": 2,
    "stddev": 1205858.5,
    "volumePerWeek": 2,
    "weightedMean": 2685057.9075753456
  },
  "ench:frost_walker2": {
    "confidence": 32,
    "fairPrice": 500000.0,
    "median": 500000.0,
    "sampleCount": 1,
    "stddev": 0.0,
    "volumePerWeek": 1,
    "weightedMean": 500000.0
  },
  "ench:green_thumb1": {
    "confidence": 56,
    "fairPrice": 220425.0,
    "median": 220425.0,
    "sampleCount": 1,
    "stddev": 0.0,
    "volumePerWeek": 1,
    "weightedMean": 220425.0
  },
  "ench:green_thumb2": {
    "confidence": 44,
    "fairPrice": 3028622.0,
    "median": 3028622.0,
    "sampleCount": 1,
    "stddev": 0.0,
    "volumePerWeek": 1,
    "weightedMean": 3028622.0
  },
  "ench:green_thumb5": {
    "confidence": 47,
    "fairPrice": 8255002.0,
    "median": 8255002.0,
    "sampleCount": 1,
    "stddev": 0.0,
    "volumePerWeek": 1,
    "weightedMean": 8255002.0
  },
  "ench:growth5": {
    "confidence": 48,
    "fairPrice": -41799.0,
    "median": -41799.0,
    "sampleCount": 6,
    "stddev": 134135.4805978725,
    "volumePerWeek": 6,
    "weightedMean": 12232.41609694183
  },
  "ench:pesterminator5": {
    "confidence": 57,
    "fairPrice": -681349.9246088904,
    "median": -681349.5,
    "sampleCount": 2,
    "stddev": 18650.5,
    "volumePerWeek": 2,
    "weightedMean": -681350.3492177809
  },
  "ench:protection2": {
    "confidence": 44,
    "fairPrice": 350000.0,
    "median": 350000.0,
    "sampleCount": 1,
    "stddev": 0.0,
    "volumePerWeek": 1,
    "weightedMean": 350000.0
  },
  "ench:protection5": {
    "confidence": 78,
    "fairPrice": -1794.2358927389812,
    "median": -499.0,
    "sampleCount": 11,
    "stddev": 24398.51375537195,
    "volumePerWeek": 11,
    "weightedMean": -2853.974350434511
  },
  "ench:protection6": {
    "confidence": 47,
    "fairPrice": 137197.73263834714,
    "median": 137440.5,
    "sampleCount": 2,
    "stddev": 2179.5,
    "volumePerWeek": 2,
    "weightedMean": 136947.1417138828
  },
  "ench:sharpness5": {
    "confidence": 53,
    "fairPrice": -499736.0,
    "median": -499736.0,
    "sampleCount": 1,
    "stddev": 0.0,
    "volumePerWeek": 1,
    "weightedMean": -499736.0
  },
  "ench:ultimate_missile5": {
    "confidence": 47,
    "fairPrice": 2406959.0,
    "median": 2406959.0,
    "sampleCount": 1,
    "stddev": 0.0,
    "volumePerWeek": 1,
    "weightedMean": 2406959.0
  },
  "ench:ultimate_one_for_all1": {
    "confidence": 57,
    "fairPrice": 4900000.0,
    "median": 4900000.0,
    "sampleCount": 1,
    "stddev": 0.0,
    "volumePerWeek": 1,
    "weightedMean": 4900000.0
  },
  "ench:ultimate_wise5": {
    "confidence": 47,
    "fairPrice": 1812760.5,
    "median": 1812760.5,
    "sampleCount": 8,
    "stddev": 2135168.9240546636,
    "volumePerWeek": 8,
    "weightedMean": 2163809.975774567
  },
  "enrich:critical_chance": {
    "confidence": 47,
    "fairPrice": 7000000.0,
    "median": 7000000.0,
    "sampleCount": 1,
    "stddev": 0.0,
    "volumePerWeek": 1,
    "weightedMean": 7000000.0
  },
  "enrich:magic_find": {
    "confidence": 53,
    "fairPrice": 7060946.18553464,
    "median": 7171168.5,
    "sampleCount": 2,
    "stddev": 1328831.5,
    "volumePerWeek": 2,
    "weightedMean": 6900584.043988276
  },
  "gem:CITRINE_0:FINE": {
    "confidence": 56,
    "fairPrice": 3627932.0,
    "median": 3627932.0,
    "sampleCount": 1,
    "stddev": 0.0,
    "volumePerWeek": 1,
    "weightedMean": 3627931.9999999995
  },
  "recomb:applied": {
    "confidence": 90,
    "fairPrice": 6858344.5265167635,
    "median": 7024500.0,
    "sampleCount": 32,
    "stddev": 3120346.3347152444,
    "volumePerWeek": 32,
    "weightedMean": 6705552.082604855
  },
  "reforge:ancient": {
    "confidence": 62,
    "fairPrice": -65119.134739488014,
    "median": 1029500.0,
    "sampleCount": 6,
    "stddev": 5217597.006055685,
    "volumePerWeek": 6,
    "weightedMean": -1159738.269478976
  },
  "reforge:aote_stone": {
    "confidence": 47,
    "fairPrice": 7085250.130664378,
    "median": 7130731.5,
    "sampleCount": 2,
    "stddev": 2312516.5,
    "volumePerWeek": 2,
    "weightedMean": 6996110.926619755
  },
  "reforge:blazing": {
    "confidence": 45,
    "fairPrice": 77505.0,
    "median": 77505.0,
    "sampleCount": 5,
    "stddev": 319540.21247886785,
    "volumePerWeek": 5,
    "weightedMean": 212805.11477615344
  },
  "reforge:blended": {
    "confidence": 36,
    "fairPrice": 290000.0,
    "median": 290000.0,
    "sampleCount": 3,
    "stddev": 4049780.283681902,
    "volumePerWeek": 3,
    "weightedMean": 1670503.3255292922
  },
  "reforge:blooming": {
    "confidence": 42,
    "fairPrice": 162120.0,
    "median": 162120.0,
    "sampleCount": 4,
    "stddev": 312291.8059686925,
    "volumePerWeek": 4,
    "weightedMean": 185682.18763879617
  },
  "reforge:brilliant": {
    "confidence": 52,
    "fairPrice": 0.0,
    "median": 0.0,
    "sampleCount": 1,
    "stddev": 0.0,
    "volumePerWeek": 1,
    "weightedMean": 0.0
  },
  "reforge:calcified": {
    "confidence": 49,
    "fairPrice": -165447.0,
    "median": -165447.0,
    "sampleCount": 1,
    "stddev": 0.0,
    "volumePerWeek": 1,
    "weightedMean": -165447.0
  },
  "reforge:dimensional": {
    "confidence": 41,
    "fairPrice": 930873.0,
    "median": 930873.0,
    "sampleCount": 3,
    "stddev": 1802663.3720385942,
    "volumePerWeek": 3,
    "weightedMean": 1217928.9549204514
  },
  "reforge:fabled": {
    "confidence": 57,
    "fairPrice": 4900000.0,
    "median": 4900000.0,
    "sampleCount": 1,
    "stddev": 0.0,
    "volumePerWeek": 1,
    "weightedMean": 4900000.0
  },
  "reforge:fierce": {
    "confidence": 40,
    "fairPrice": 238173.0,
    "median": 238173.0,
    "sampleCount": 3,
    "stddev": 330921.60761257174,
    "volumePerWeek": 3,
    "weightedMean": 426202.77318407537
  },
  "reforge:gilded": {
    "confidence": 56,
    "fairPrice": -3139812.0,
    "median": -3139812.0,
    "sampleCount": 1,
    "stddev": 0.0,
    "volumePerWeek": 1,
    "weightedMean": -3139812.0
  },
  "reforge:glistening": {
    "confidence": 54,
    "fairPrice": -145000.0,
    "median": -145000.0,
    "sampleCount": 1,
    "stddev": 0.0,
    "volumePerWeek": 1,
    "weightedMean": -145000.0
  },
  "reforge:godly": {
    "confidence": 33,
    "fairPrice": 194113.00040070122,
    "median": 194250.0,
    "sampleCount": 2,
    "stddev": 158086.0,
    "volumePerWeek": 2,
    "weightedMean": 192778.2506269336
  },
  "reforge:hefty": {
    "confidence": 47,
    "fairPrice": -316956.0,
    "median": -316956.0,
    "sampleCount": 1,
    "stddev": 0.0,
    "volumePerWeek": 1,
    "weightedMean": -316956.0
  },
  "reforge:heroic": {
    "confidence": 43,
    "fairPrice": 417713.7532090866,
    "median": 410000.0,
    "sampleCount": 4,