{
  "ench:arcane5": {
    "confidence": 56,
    "fairPrice": 115837.43682261638,
    "median": 116586.5,
    "sampleCount": 4,
    "stddev": 24337.793988979363,
    "volumePerWeek": 4,
    "weightedMean": 114668.11022117273
  },
  "ench:depth_strider3": {
    "confidence": 39,
    "fairPrice": 0.0,
    "median": 0.0,
    "sampleCount": 3,
    "stddev": 113513.52015019572,
    "volumePerWeek": 3,
    "weightedMean": 55132.85328648228
  },
  "ench:efficiency10": {
    "confidence": 34,
    "fairPrice": 482204.728444765,
    "median": 500000.0,
    "sampleCount": 3,
    "stddev": 277888.8666755511,
    "volumePerWeek": 3,
    "weightedMean": 370613.9643158481
  },
  "ench:efficiency5": {
    "confidence": 70,
    "fairPrice": -24581.720072179993,
    "median": -38389.0,
    "sampleCount": 8,
    "stddev": 116657.90844066252,
    "volumePerWeek": 8,
    "weightedMean": -10774.440144359985
  },
  "ench:feather_falling5": {
    "confidence": 44,
    "fairPrice": -67284.0,
    "median": -67284.0,
    "sampleCount": 1,
    "stddev": 0.0,
    "volumePerWeek": 1,
    "weightedMean": -67284.0
  },
  "ench:forest_pledge5": {
    "confidence": 45,
    "fairPrice": 2488100.724454429,
    "median": 2422073.5,
    "sampleCount": 2,
    "stddev": 1205858.5,
    "volumePerWeek": 2,
    "weightedMean": 2685057.907575346
  },
  "ench:frost_walker2": {
    "confidence": 29,
    "fairPrice": 500000.0,
    "median": 500000.0,
    "sampleCount": 1,
    "stddev": 0.0,
    "volumePerWeek": 1,
    "weightedMean": 500000.0
  },
  "ench:green_thumb1": {
    "confidence": 53,
    "fairPrice": 220425.0,
    "median": 220425.0,
    "sampleCount": 1,
    "stddev": 0.0,
    "volumePerWeek": 1,
    "weightedMean": 220425.0
  },
  "ench:green_thumb2": {
    "confidence": 41,
    "fairPrice": 3028622.0,
    "median": 3028622.0,
    "sampleCount": 1,
    "stddev": 0.0,
    "volumePerWeek": 1,
    "weightedMean": 3028622.0
  },
  "ench:green_thumb5": {
    "confidence": 44,
    "fairPrice": 8255002.0,
    "median": 8255002.0,
    "sampleCount": 1,
    "stddev": 0.0,
    "volumePerWeek": 1,
    "weightedMean": 8255002.0
  },
  "ench:growth5": {
    "confidence": 53,
    "fairPrice": -11098.0,
    "median": -11098.0,
    "sampleCount": 9,
    "stddev": 119475.5568735585,
    "volumePerWeek": 9,
    "weightedMean": 29151.65855826006
  },
  "ench:pesterminator1": {
    "confidence": 57,
    "fairPrice": -250001.92995493812,
    "median": -250000.0,
    "sampleCount": 2,
    "stddev": 100000.0,
    "volumePerWeek": 2,
    "weightedMean": -250003.85990987625
  },
  "ench:pesterminator5": {
    "confidence": 55,
    "fairPrice": -681349.9246088904,
    "median": -681349.5,
    "sampleCount": 2,
    "stddev": 18650.5,
    "volumePerWeek": 2,
    "weightedMean": -681350.3492177809
  },
  "ench:protection2": {
    "confidence": 41,
    "fairPrice": 350000.0,
    "median": 350000.0,
    "sampleCount": 1,
    "stddev": 0.0,
    "volumePerWeek": 1,
    "weightedMean": 350000.0
  },
  "ench:protection5": {
    "confidence": 72,
    "fairPrice": 9000.0,
    "median": 9000.0,
    "sampleCount": 17,
    "stddev": 25125.329361748318,
    "volumePerWeek": 17,
    "weightedMean": 7541.818965078539
  },
  "ench:protection6": {
    "confidence": 45,
    "fairPrice": 137197.73263834714,
    "median": 137440.5,
    "sampleCount": 2,
    "stddev": 2179.5,
    "volumePerWeek": 2,
    "weightedMean": 136947.1417138828
  },
  "ench:sharpness5": {
    "confidence": 51,
    "fairPrice": -499736.0,
    "median": -499736.0,
    "sampleCount": 1,
    "stddev": 0.0,
    "volumePerWeek": 1,
    "weightedMean": -499736.0
  },
  "ench:ultimate_missile5": {
    "confidence": 44,
    "fairPrice": 2406959.0,
    "median": 2406959.0,
    "sampleCount": 1,
    "stddev": 0.0,
    "volumePerWeek": 1,
    "weightedMean": 2406959.0
  },
  "ench:ultimate_one_for_all1": {
    "confidence": 54,
    "fairPrice": 4900000.0,
    "median": 4900000.0,
    "sampleCount": 1,
    "stddev": 0.0,
    "volumePerWeek": 1,
    "weightedMean": 4900000.0
  },
  "ench:ultimate_wise5": {
    "confidence": 57,
    "fairPrice": 2237995.2651436175,
    "median": 2222761.0,
    "sampleCount": 10,
    "stddev": 2111983.8744628807,
    "volumePerWeek": 10,
    "weightedMean": 2544721.23001669
  },
  "enrich:critical_chance": {
    "confidence": 44,
    "fairPrice": 7000000.0,
    "median": 7000000.0,
    "sampleCount": 1,
    "stddev": 0.0,
    "volumePerWeek": 1,
    "weightedMean": 7000000.0
  },
  "enrich:magic_find": {
    "confidence": 50,
    "fairPrice": 7060946.185534639,
    "median": 7171168.5,
    "sampleCount": 2,
    "stddev": 1328831.5,
    "volumePerWeek": 2,
    "weightedMean": 6900584.043988275
  },
  "gem:CITRINE_0:FINE": {
    "confidence": 53,
    "fairPrice": 3627932.0,
    "median": 3627932.0,
    "sampleCount": 1,
    "stddev": 0.0,
    "volumePerWeek": 1,
    "weightedMean": 3627932.0
  },
  "recomb:applied": {
    "confidence": 88,
    "fairPrice": 6734583.39492945,
    "median": 6839398.0,
    "sampleCount": 36,
    "stddev": 3383007.7126172455,
    "volumePerWeek": 36,
    "weightedMean": 6620055.11360829
  },
  "reforge:ancient": {
    "confidence": 59,
    "fairPrice": -65119.134739487665,
    "median": 1029500.0,
    "sampleCount": 6,
    "stddev": 5217597.006055685,
    "volumePerWeek": 6,
    "weightedMean": -1159738.2694789753
  },
  "reforge:aote_stone": {
    "confidence": 45,
    "fairPrice": 7085250.130664378,
    "median": 7130731.5,
    "sampleCount": 2,
    "stddev": 2312516.5,
    "volumePerWeek": 2,
    "weightedMean": 6996110.926619756
  },
  "reforge:blazing": {
    "confidence": 47,
    "fairPrice": 39793.0,
    "median": 39793.0,
    "sampleCount": 6,
    "stddev": 294785.7936777521,
    "volumePerWeek": 6,
    "weightedMean": 155046.8700556365
  },
  "reforge:blended": {
    "confidence": 33,
    "fairPrice": 290000.0,
    "median": 290000.0,
    "sampleCount": 3,
    "stddev": 4049780.283681902,
    "volumePerWeek": 3,
    "weightedMean": 1670503.325529292
  },
  "reforge:blooming": {
    "confidence": 40,
    "fairPrice": 162120.0,
    "median": 162120.0,
    "sampleCount": 4,
    "stddev": 312291.8059686925,
    "volumePerWeek": 4,
    "weightedMean": 185682.1876387962
  },
  "reforge:brilliant": {
    "confidence": 58,
    "fairPrice": -235923.4827834064,
    "median": -221652.0,
    "sampleCount": 2,
    "stddev": 221652.0,
    "volumePerWeek": 2,
    "weightedMean": -250194.9655668128
  },
  "reforge:bustling": {
    "confidence": 59,
    "fairPrice": -158336.39431688137,
    "median": -150000.0,
    "sampleCount": 3,
    "stddev": 143372.08778404378,
    "volumePerWeek": 3,
    "weightedMean": -166672.78863376277
  },
  "reforge:calcified": {
    "confidence": 38,
    "fairPrice": 442276.5,
    "median": 442276.5,
    "sampleCount": 2,
    "stddev": 607723.5,
    "volumePerWeek": 2,
    "weightedMean": 555177.1763313337
  },
  "reforge:dimensional": {
    "confidence": 43,
    "fairPrice": 715436.5,
    "median": 715436.5,
    "sampleCount": 4,
    "stddev": 1579036.9694875735,
    "volumePerWeek": 4,
    "weightedMean": 969421.0067808931
  },
  "reforge:double_bit": {
    "confidence": 54,
    "fairPrice": -50000.0,
    "median": -50000.0,
    "sampleCount": 1,
    "stddev": 0.0,
    "volumePerWeek": 1,
    "weightedMean": -50000.0
  },
  "reforge:fabled": {
    "confidence": 54,
    "fairPrice": 4900000.0,
    "median": 4900000.0,
    "sampleCount": 1,
    "stddev": 0.0,
    "volumePerWeek": 1,
    "weightedMean": 4900000.0
  },
  "reforge:fierce": {
    "confidence": 42,
    "fairPrice": 126046.5,
    "median": 126046.5,
    "sampleCount": 4,
    "stddev": 311453.7618229831,
    "volumePerWeek": 4,
    "weightedMean": 278220.42871973134
  },
  "reforge:gilded": {
    "confidence": 53,
    "fairPrice": -3139812.0,
    "median": -3139812.0,
    "sampleCount": 1,
    "stddev": 0.0,
    "volumePerWeek": 1,
    "weightedMean": -3139812.0
  },
  "reforge:glistening": {
    "confidence": 52,